-- MySQL dump 10.13  Distrib 5.5.46, for debian-linux-gnu (x86_64)
--
-- Host: localhost    Database: wf
-- ------------------------------------------------------
-- Server version	5.5.46-0ubuntu0.14.04.2

/*!40101 SET @OLD_CHARACTER_SET_CLIENT=@@CHARACTER_SET_CLIENT */;
/*!40101 SET @OLD_CHARACTER_SET_RESULTS=@@CHARACTER_SET_RESULTS */;
/*!40101 SET @OLD_COLLATION_CONNECTION=@@COLLATION_CONNECTION */;
/*!40101 SET NAMES utf8 */;
/*!40103 SET @OLD_TIME_ZONE=@@TIME_ZONE */;
/*!40103 SET TIME_ZONE='+00:00' */;
/*!40014 SET @OLD_UNIQUE_CHECKS=@@UNIQUE_CHECKS, UNIQUE_CHECKS=0 */;
/*!40014 SET @OLD_FOREIGN_KEY_CHECKS=@@FOREIGN_KEY_CHECKS, FOREIGN_KEY_CHECKS=0 */;
/*!40101 SET @OLD_SQL_MODE=@@SQL_MODE, SQL_MODE='NO_AUTO_VALUE_ON_ZERO' */;
/*!40111 SET @OLD_SQL_NOTES=@@SQL_NOTES, SQL_NOTES=0 */;

--
-- Table structure for table `wf_arti_product`
--

DROP TABLE IF EXISTS `wf_arti_product`;
/*!40101 SET @saved_cs_client     = @@character_set_client */;
/*!40101 SET character_set_client = utf8 */;
CREATE TABLE `wf_arti_product` (
  `id` bigint(20) NOT NULL AUTO_INCREMENT,
  PRIMARY KEY (`id`)
) ENGINE=InnoDB AUTO_INCREMENT=3 DEFAULT CHARSET=utf8;
/*!40101 SET character_set_client = @saved_cs_client */;

--
-- Dumping data for table `wf_arti_product`
--

LOCK TABLES `wf_arti_product` WRITE;
/*!40000 ALTER TABLE `wf_arti_product` DISABLE KEYS */;
INSERT INTO `wf_arti_product` VALUES (1),(2);
/*!40000 ALTER TABLE `wf_arti_product` ENABLE KEYS */;
UNLOCK TABLES;

--
-- Table structure for table `wf_arti_staff`
--

DROP TABLE IF EXISTS `wf_arti_staff`;
/*!40101 SET @saved_cs_client     = @@character_set_client */;
/*!40101 SET character_set_client = utf8 */;
CREATE TABLE `wf_arti_staff` (
  `id` bigint(20) NOT NULL AUTO_INCREMENT,
  `WF_MINAL_PRODUCE_UNIT` varchar(200) DEFAULT NULL,
  `WF_PRO_ID` bigint(20) DEFAULT NULL,
  `WF_STYLE` varchar(200) DEFAULT NULL,
  `type` int(11) DEFAULT NULL,
  `WF_UNIT` decimal(10,3) DEFAULT NULL,
  `WF_ARTI_ID` bigint(20) NOT NULL,
  PRIMARY KEY (`id`),
  KEY `FK_lqh55oywyh4sndaoc7p827cq9` (`WF_ARTI_ID`),
  CONSTRAINT `FK_lqh55oywyh4sndaoc7p827cq9` FOREIGN KEY (`WF_ARTI_ID`) REFERENCES `wf_arti_product` (`id`)
) ENGINE=InnoDB AUTO_INCREMENT=7 DEFAULT CHARSET=utf8;
/*!40101 SET character_set_client = @saved_cs_client */;

--
-- Dumping data for table `wf_arti_staff`
--

LOCK TABLES `wf_arti_staff` WRITE;
/*!40000 ALTER TABLE `wf_arti_staff` DISABLE KEYS */;
INSERT INTO `wf_arti_staff` VALUES (1,NULL,179,NULL,0,2.000,1),(2,NULL,182,NULL,0,3.000,1),(3,'12',177,'ff',1,20.000,1),(4,NULL,185,NULL,0,30.000,2),(5,NULL,375,NULL,0,10.000,2),(6,'50',193,'袋',1,10.000,2);
/*!40000 ALTER TABLE `wf_arti_staff` ENABLE KEYS */;
UNLOCK TABLES;

--
-- Table structure for table `wf_brand`
--

DROP TABLE IF EXISTS `wf_brand`;
/*!40101 SET @saved_cs_client     = @@character_set_client */;
/*!40101 SET character_set_client = utf8 */;
CREATE TABLE `wf_brand` (
  `id` bigint(20) NOT NULL AUTO_INCREMENT,
  `WF_BR_NAME` varchar(500) DEFAULT NULL,
  `WF_BR_STYLE` varchar(500) DEFAULT NULL,
  `WF_BR_UNIT` varchar(100) DEFAULT NULL,
  PRIMARY KEY (`id`)
) ENGINE=InnoDB AUTO_INCREMENT=3 DEFAULT CHARSET=utf8;
/*!40101 SET character_set_client = @saved_cs_client */;

--
-- Dumping data for table `wf_brand`
--

LOCK TABLES `wf_brand` WRITE;
/*!40000 ALTER TABLE `wf_brand` DISABLE KEYS */;
INSERT INTO `wf_brand` VALUES (1,'自产',NULL,NULL),(2,'升隆',NULL,NULL);
/*!40000 ALTER TABLE `wf_brand` ENABLE KEYS */;
UNLOCK TABLES;

--
-- Table structure for table `wf_category`
--

DROP TABLE IF EXISTS `wf_category`;
/*!40101 SET @saved_cs_client     = @@character_set_client */;
/*!40101 SET character_set_client = utf8 */;
CREATE TABLE `wf_category` (
  `id` bigint(20) NOT NULL AUTO_INCREMENT,
  `WF_CTE_LEVEL` smallint(6) DEFAULT NULL,
  `WF_CTE_NAME` varchar(500) DEFAULT NULL,
  `WF_CTE_PARENT_ID` bigint(20) DEFAULT NULL,
  `WF_CTE_TYPE` tinyint(4) DEFAULT NULL,
  `WF_CTE_ORDER` smallint(6) DEFAULT '0',
  PRIMARY KEY (`id`)
) ENGINE=InnoDB AUTO_INCREMENT=60 DEFAULT CHARSET=utf8;
/*!40101 SET character_set_client = @saved_cs_client */;

--
-- Dumping data for table `wf_category`
--

LOCK TABLES `wf_category` WRITE;
/*!40000 ALTER TABLE `wf_category` DISABLE KEYS */;
INSERT INTO `wf_category` VALUES (31,0,'冻品丸子类',0,1,1),(32,0,'水发干品类',0,2,2),(33,0,'青菜鲜品类',0,2,0),(34,0,'副食日杂类',0,2,3),(35,0,'调料酱品类',0,2,4),(36,1,'调味品',35,0,0),(37,1,'油品类',35,0,1),(38,1,'酱料类',35,0,2),(39,1,'生肉类',34,0,0),(40,1,'熟食类',34,0,1),(41,1,'半成品',34,0,2),(42,1,'海鲜类',34,0,3),(43,1,'日杂类',34,0,4),(44,1,'豆制品',33,0,0),(45,1,'青菜类',33,0,1),(46,1,'鲜菌类',33,0,2),(47,1,'面类',32,0,0),(48,1,'粉类',32,0,1),(49,1,'合成类',32,0,3),(50,1,'根茎类',32,0,2),(51,1,'丸子类',31,0,0),(52,1,'炸品类',31,0,1),(53,1,'伙食菜',33,0,3),(54,0,'生产原料类',0,0,0),(55,1,'调味品',54,0,0),(56,1,'调味粉',54,0,0),(57,1,'调酱类',54,0,0),(58,1,'油品类',54,0,1),(59,1,'基础类',54,0,0);
/*!40000 ALTER TABLE `wf_category` ENABLE KEYS */;
UNLOCK TABLES;

--
-- Table structure for table `wf_damage_report_goods`
--

DROP TABLE IF EXISTS `wf_damage_report_goods`;
/*!40101 SET @saved_cs_client     = @@character_set_client */;
/*!40101 SET character_set_client = utf8 */;
CREATE TABLE `wf_damage_report_goods` (
  `id` bigint(20) NOT NULL AUTO_INCREMENT,
  `WF_UNIT_COUNT` decimal(10,2) DEFAULT '0.00',
  `WF_GOOD_ID` bigint(20) NOT NULL,
  `WF_REC_ID` bigint(20) NOT NULL,
  PRIMARY KEY (`id`),
  KEY `FK_kryjcg2dja3dv8kllpt55f35b` (`WF_GOOD_ID`),
  KEY `FK_lg2n6hk82vs30ms6jwgdw6gso` (`WF_REC_ID`),
  CONSTRAINT `FK_lg2n6hk82vs30ms6jwgdw6gso` FOREIGN KEY (`WF_REC_ID`) REFERENCES `wf_damage_report_record` (`id`),
  CONSTRAINT `FK_kryjcg2dja3dv8kllpt55f35b` FOREIGN KEY (`WF_GOOD_ID`) REFERENCES `wf_goods` (`id`)
) ENGINE=InnoDB DEFAULT CHARSET=utf8;
/*!40101 SET character_set_client = @saved_cs_client */;

--
-- Dumping data for table `wf_damage_report_goods`
--

LOCK TABLES `wf_damage_report_goods` WRITE;
/*!40000 ALTER TABLE `wf_damage_report_goods` DISABLE KEYS */;
/*!40000 ALTER TABLE `wf_damage_report_goods` ENABLE KEYS */;
UNLOCK TABLES;

--
-- Table structure for table `wf_damage_report_record`
--

DROP TABLE IF EXISTS `wf_damage_report_record`;
/*!40101 SET @saved_cs_client     = @@character_set_client */;
/*!40101 SET character_set_client = utf8 */;
CREATE TABLE `wf_damage_report_record` (
  `id` bigint(20) NOT NULL AUTO_INCREMENT,
  `WF_OPT_TIMESTAMP` timestamp NOT NULL DEFAULT CURRENT_TIMESTAMP ON UPDATE CURRENT_TIMESTAMP,
  `shopAddress` varchar(255) DEFAULT NULL,
  `shopId` bigint(20) DEFAULT NULL,
  `shopName` varchar(255) DEFAULT NULL,
  `status` int(11) DEFAULT NULL,
  `userId` bigint(20) DEFAULT NULL,
  `userName` varchar(255) DEFAULT NULL,
  PRIMARY KEY (`id`)
) ENGINE=InnoDB DEFAULT CHARSET=utf8;
/*!40101 SET character_set_client = @saved_cs_client */;

--
-- Dumping data for table `wf_damage_report_record`
--

LOCK TABLES `wf_damage_report_record` WRITE;
/*!40000 ALTER TABLE `wf_damage_report_record` DISABLE KEYS */;
/*!40000 ALTER TABLE `wf_damage_report_record` ENABLE KEYS */;
UNLOCK TABLES;

--
-- Table structure for table `wf_deliver_record_goods`
--

DROP TABLE IF EXISTS `wf_deliver_record_goods`;
/*!40101 SET @saved_cs_client     = @@character_set_client */;
/*!40101 SET character_set_client = utf8 */;
CREATE TABLE `wf_deliver_record_goods` (
  `id` bigint(20) NOT NULL AUTO_INCREMENT,
  `WF_UNIT_COUNT` decimal(10,2) DEFAULT '0.00',
  `WF_GOOD_ID` bigint(20) NOT NULL,
  `WF_REC_ID` bigint(20) NOT NULL,
  `WF_BRAND_NAME` varchar(500) DEFAULT NULL,
  `WF_DE_COUNT` decimal(10,2) DEFAULT '0.00',
  `WF_DE_INV_COUNT` decimal(10,2) DEFAULT '0.00',
  `WF_INVENTORY_ID` decimal(10,0) DEFAULT '0',
  `WF_INVEN_PRICE` decimal(10,2) DEFAULT '0.00',
  `WF_DE_PRICE` decimal(10,2) DEFAULT '0.00',
  `WF_REQ_COUNT` decimal(10,2) DEFAULT '0.00',
  `WF_VENDOR_NAME` varchar(500) DEFAULT NULL,
  PRIMARY KEY (`id`),
  KEY `FK_n8sajycj4eks6r5y8mgeo03ip` (`WF_GOOD_ID`),
  KEY `FK_5sbm41nqxrlixkyht357qkuee` (`WF_REC_ID`),
  CONSTRAINT `FK_5sbm41nqxrlixkyht357qkuee` FOREIGN KEY (`WF_REC_ID`) REFERENCES `wf_delivery_record` (`id`),
  CONSTRAINT `FK_n8sajycj4eks6r5y8mgeo03ip` FOREIGN KEY (`WF_GOOD_ID`) REFERENCES `wf_goods` (`id`)
) ENGINE=InnoDB AUTO_INCREMENT=9 DEFAULT CHARSET=utf8;
/*!40101 SET character_set_client = @saved_cs_client */;

--
-- Dumping data for table `wf_deliver_record_goods`
--

LOCK TABLES `wf_deliver_record_goods` WRITE;
/*!40000 ALTER TABLE `wf_deliver_record_goods` DISABLE KEYS */;
INSERT INTO `wf_deliver_record_goods` VALUES (1,0.00,193,3,'自产',1.00,1.00,4,22.00,150.00,1.00,'自产'),(2,0.00,298,4,'升隆',1.00,1.00,5,23.00,28.75,1.00,'海宝'),(3,0.00,298,5,'升隆',3.00,3.00,5,23.00,33.00,1.00,'海宝'),(4,0.00,298,5,'升隆',3.00,3.00,5,23.00,33.00,3.00,'海宝'),(5,0.00,298,6,'升隆',3.00,3.00,5,23.00,33.00,1.00,'海宝'),(6,0.00,298,6,'升隆',3.00,3.00,5,23.00,33.00,3.00,'海宝'),(7,0.00,235,7,NULL,1.20,1.20,7,1.50,0.00,1.00,NULL),(8,0.00,234,7,NULL,1.30,1.30,7,2.60,0.00,1.00,NULL);
/*!40000 ALTER TABLE `wf_deliver_record_goods` ENABLE KEYS */;
UNLOCK TABLES;

--
-- Table structure for table `wf_delivery_record`
--

DROP TABLE IF EXISTS `wf_delivery_record`;
/*!40101 SET @saved_cs_client     = @@character_set_client */;
/*!40101 SET character_set_client = utf8 */;
CREATE TABLE `wf_delivery_record` (
  `id` bigint(20) NOT NULL AUTO_INCREMENT,
  `WF_OPT_TIMESTAMP` timestamp NOT NULL DEFAULT CURRENT_TIMESTAMP ON UPDATE CURRENT_TIMESTAMP,
  `loadSubRecord` bit(1) NOT NULL,
  `WF_PARENT_REC_ID` bigint(20) DEFAULT NULL,
  `shopAddress` varchar(255) DEFAULT NULL,
  `shopId` bigint(20) DEFAULT NULL,
  `shopName` varchar(255) DEFAULT NULL,
  `status` int(11) DEFAULT NULL,
  `userId` bigint(20) DEFAULT NULL,
  `userName` varchar(255) DEFAULT NULL,
  PRIMARY KEY (`id`)
) ENGINE=InnoDB AUTO_INCREMENT=8 DEFAULT CHARSET=utf8;
/*!40101 SET character_set_client = @saved_cs_client */;

--
-- Dumping data for table `wf_delivery_record`
--

LOCK TABLES `wf_delivery_record` WRITE;
/*!40000 ALTER TABLE `wf_delivery_record` DISABLE KEYS */;
INSERT INTO `wf_delivery_record` VALUES (2,'2016-11-14 11:51:01','\0',0,'二大街嘉德园底商',6,'津.一店',2,1,'系统管理员'),(3,'2016-11-20 02:52:56','\0',0,'二大街嘉德园底商',6,'津.一店',2,1,'系统管理员'),(4,'2016-11-20 03:16:55','\0',0,'学校大街时尚俊达底商',8,'津.三店',2,1,'系统管理员'),(5,'2016-11-20 03:22:28','\0',0,'学校大街时尚俊达底商',8,'津.三店',2,1,'系统管理员'),(6,'2016-11-20 03:42:04','\0',0,'学校大街时尚俊达底商',8,'津.三店',2,1,'系统管理员'),(7,'2016-11-20 04:14:47','\0',0,'二大街嘉德园底商',6,'津.一店',2,1,'系统管理员');
/*!40000 ALTER TABLE `wf_delivery_record` ENABLE KEYS */;
UNLOCK TABLES;

--
-- Table structure for table `wf_delivery_supplier_conf`
--

DROP TABLE IF EXISTS `wf_delivery_supplier_conf`;
/*!40101 SET @saved_cs_client     = @@character_set_client */;
/*!40101 SET character_set_client = utf8 */;
CREATE TABLE `wf_delivery_supplier_conf` (
  `id` bigint(20) NOT NULL AUTO_INCREMENT,
  `WF_MC_ID` bigint(20) DEFAULT NULL,
  `mc` int(11) DEFAULT NULL,
  PRIMARY KEY (`id`)
) ENGINE=InnoDB AUTO_INCREMENT=2 DEFAULT CHARSET=utf8;
/*!40101 SET character_set_client = @saved_cs_client */;

--
-- Dumping data for table `wf_delivery_supplier_conf`
--

LOCK TABLES `wf_delivery_supplier_conf` WRITE;
/*!40000 ALTER TABLE `wf_delivery_supplier_conf` DISABLE KEYS */;
INSERT INTO `wf_delivery_supplier_conf` VALUES (1,33,0);
/*!40000 ALTER TABLE `wf_delivery_supplier_conf` ENABLE KEYS */;
UNLOCK TABLES;

--
-- Table structure for table `wf_goods`
--

DROP TABLE IF EXISTS `wf_goods`;
/*!40101 SET @saved_cs_client     = @@character_set_client */;
/*!40101 SET character_set_client = utf8 */;
CREATE TABLE `wf_goods` (
  `id` bigint(20) NOT NULL AUTO_INCREMENT,
  `WF_CTE_DESC` text,
  `WF_IMAGE_URI` varchar(500) DEFAULT NULL,
  `WF_GOODS_NAME` varchar(500) DEFAULT NULL,
  `WF_CTE_TYPE` tinyint(4) DEFAULT '0',
  `WF_GOODS_UNIT` varchar(100) DEFAULT NULL,
  `WF_GOOD_CATE_ID` bigint(20) NOT NULL,
  `WF_PRICE` decimal(6,2) DEFAULT NULL,
  `WF_PRICE1` decimal(9,2) DEFAULT '0.00',
  `WF_PRICE2` decimal(9,2) DEFAULT '0.00',
  `WF_PRICE3` decimal(9,2) DEFAULT '0.00',
  `WF_STOCK` decimal(9,2) DEFAULT '0.00',
  PRIMARY KEY (`id`),
  KEY `FK_8yw9mj04p0knu4vxgib2ax9b4` (`WF_GOOD_CATE_ID`),
  CONSTRAINT `FK_8yw9mj04p0knu4vxgib2ax9b4` FOREIGN KEY (`WF_GOOD_CATE_ID`) REFERENCES `wf_category` (`id`)
) ENGINE=InnoDB AUTO_INCREMENT=395 DEFAULT CHARSET=utf8;
/*!40101 SET character_set_client = @saved_cs_client */;

--
-- Dumping data for table `wf_goods`
--

LOCK TABLES `wf_goods` WRITE;
/*!40000 ALTER TABLE `wf_goods` DISABLE KEYS */;
INSERT INTO `wf_goods` VALUES (175,'',NULL,'陈醋',0,'桶',36,26.00,0.00,0.00,0.00,0.00),(176,'',NULL,'鸡精',0,'袋',36,14.50,0.00,0.00,0.00,0.00),(177,'',NULL,'一品鲜',0,'桶',36,54.00,0.00,0.00,0.00,0.00),(178,'',NULL,'花生碎',0,'袋',36,39.00,0.00,0.00,0.00,0.00),(179,'',NULL,'白糖',0,'袋／2斤',36,7.00,0.00,0.00,0.00,0.00),(180,'',NULL,'盐',0,'袋',36,2.50,0.00,0.00,0.00,0.00),(181,'',NULL,'花椒油',0,'桶',36,95.75,0.00,0.00,0.00,0.00),(182,'',NULL,'番茄沙司',0,'袋',36,45.00,0.00,0.00,0.00,0.00),(183,'',NULL,'大豆油',0,'桶',37,64.00,0.00,0.00,0.00,0.00),(184,'',NULL,'香油',0,'桶',37,100.00,0.00,0.00,0.00,0.00),(185,'',NULL,'腰窝油',0,'袋/1斤',37,4.00,0.00,0.00,0.00,0.00),(186,'',NULL,'辣椒油',0,'桶/6.5斤',37,38.00,0.00,0.00,0.00,0.00),(187,'',NULL,'调味油',3,'桶',37,0.00,0.00,0.00,0.00,0.00),(188,'',NULL,'牛骨',0,'袋/1斤',37,8.00,0.00,0.00,0.00,0.00),(189,'',NULL,'骨汤主料',0,'袋/4KG',38,72.00,0.00,0.00,0.00,0.00),(190,'',NULL,'主料伴侣',0,'箱/20包',38,450.00,0.00,0.00,0.00,0.00),(191,'',NULL,'番茄底料',0,'桶',38,70.00,0.00,0.00,0.00,0.00),(192,'',NULL,'咖喱底料',0,'桶/8斤',38,135.00,0.00,0.00,0.00,0.00),(193,'',NULL,'红油底料',0,'桶/8斤',38,150.00,33.00,0.00,0.00,0.00),(194,'',NULL,'椒麻底料',3,'桶',38,0.00,0.00,0.00,0.00,0.00),(195,'',NULL,'红油干粉',0,'袋',38,10.00,0.00,0.00,0.00,0.00),(196,'',NULL,'肥牛片',0,'袋/10份',39,31.20,0.00,0.00,0.00,0.00),(197,'',NULL,'羊肉片',0,'袋/10份',39,36.00,0.00,0.00,0.00,0.00),(198,'',NULL,'黄喉',0,'袋/10份',39,36.00,0.00,0.00,0.00,0.00),(199,'',NULL,'牛百叶',0,'袋/10份',39,29.00,0.00,0.00,0.00,0.00),(200,'',NULL,'牛肚',0,'袋/10份',39,50.40,0.00,0.00,0.00,0.00),(201,'',NULL,'鸡肉',0,'袋/5斤',39,42.50,0.00,0.00,0.00,0.00),(202,'',NULL,'素丸子',0,'袋/5斤',40,23.00,0.00,0.00,0.00,0.00),(203,'',NULL,'午餐肉',0,'箱/5条',40,140.00,0.00,0.00,0.00,0.00),(204,'',NULL,'蒜肠',0,'袋/5斤',40,30.00,0.00,0.00,0.00,0.00),(205,'',NULL,'腊肠',0,'袋/10包',40,90.00,0.00,0.00,0.00,0.00),(206,'',NULL,'牙签肉',0,'袋/5斤',40,41.50,0.00,0.00,0.00,0.00),(207,'',NULL,'鸭肠',0,'袋/5斤',40,0.00,0.00,0.00,0.00,0.00),(208,'',NULL,'鹌鹑蛋',0,'筐',41,160.00,0.00,0.00,0.00,0.00),(209,'',NULL,'鸭血',0,'箱',41,20.00,0.00,0.00,0.00,0.00),(210,'',NULL,'玉米',0,'袋/10包',41,25.00,0.00,0.00,0.00,0.00),(211,'',NULL,'年糕（白）',0,'袋/10包',41,30.00,0.00,0.00,0.00,0.00),(212,'',NULL,'年糕（紫）',0,'袋/10包',41,43.00,0.00,0.00,0.00,0.00),(213,'',NULL,'煎蛋',0,'袋/50个',41,40.00,0.00,0.00,0.00,0.00),(214,'',NULL,'海参',0,'袋/5只',42,0.00,0.00,0.00,0.00,0.00),(215,'',NULL,'鲍鱼',0,'袋/5只',42,0.00,0.00,0.00,0.00,0.00),(216,'',NULL,'海虾',0,'袋／5斤',42,0.00,0.00,0.00,0.00,0.00),(217,'',NULL,'鱿鱼',0,'袋/5斤',42,0.00,0.00,0.00,0.00,0.00),(218,'',NULL,'1500打包盒',0,'箱',43,95.00,0.00,0.00,0.00,0.00),(219,'',NULL,'2000打包盒',0,'箱',43,105.00,0.00,0.00,0.00,0.00),(220,'',NULL,'p4打包盒',0,'箱',43,180.00,0.00,0.00,0.00,0.00),(221,'',NULL,'p1打包盒',0,'箱',43,145.00,0.00,0.00,0.00,0.00),(222,'',NULL,'筷子',0,'包/4份',43,45.00,0.00,0.00,0.00,0.00),(223,'',NULL,'垃圾袋（小）',0,'包',43,3.00,0.00,0.00,0.00,0.00),(224,'',NULL,'垃圾袋（大）',0,'包',43,17.00,0.00,0.00,0.00,0.00),(225,'',NULL,'吸管',0,'包',43,0.00,0.00,0.00,0.00,0.00),(226,'',NULL,'盒贴',0,'包',43,0.00,0.00,0.00,0.00,0.00),(227,'',NULL,'打包袋',0,'包',43,0.00,0.00,0.00,0.00,0.00),(228,'',NULL,'餐巾纸',0,'箱',43,100.00,0.00,0.00,0.00,0.00),(229,'',NULL,'一次性手套',0,'盒',43,20.00,0.00,0.00,0.00,0.00),(230,'',NULL,'厨师帽',0,'包',43,0.00,0.00,0.00,0.00,0.00),(231,'',NULL,'清洁布',0,'个',43,5.00,0.00,0.00,0.00,0.00),(232,'',NULL,'钢丝球',0,'包',43,0.00,0.00,0.00,0.00,0.00),(233,'',NULL,'洗洁精',0,'桶',43,20.00,0.00,0.00,0.00,0.00),(234,'',NULL,'豆芽',0,'斤',44,0.00,0.00,0.00,0.00,0.00),(235,'',NULL,'老豆腐',0,'斤',44,0.00,0.00,0.00,0.00,0.00),(236,'',NULL,'干豆腐',0,'斤',44,0.00,0.00,0.00,0.00,0.00),(237,'',NULL,'日本豆腐',0,'斤',44,0.00,0.00,0.00,0.00,0.00),(238,'',NULL,'五香豆腐',0,'斤',44,0.00,0.00,0.00,0.00,0.00),(239,'',NULL,'洋白菜',0,'袋/5斤',45,0.00,0.00,0.00,0.00,0.00),(240,'',NULL,'地瓜',0,'袋/5斤',45,0.00,0.00,0.00,0.00,0.00),(241,'',NULL,'土豆',0,'袋/5斤',45,0.00,0.00,0.00,0.00,0.00),(242,'',NULL,'山药',0,'袋/5斤',45,0.00,0.00,0.00,0.00,0.00),(243,'',NULL,'冬瓜',0,'个',45,0.00,0.00,0.00,0.00,0.00),(244,'',NULL,'菠菜',0,'斤',45,0.00,0.00,0.00,0.00,0.00),(245,'',NULL,'油麦菜',0,'斤',45,0.00,0.00,0.00,0.00,0.00),(246,'',NULL,'圆生菜',0,'斤',45,0.00,0.00,0.00,0.00,0.00),(247,'',NULL,'香菜',0,'斤',45,0.00,0.00,0.00,0.00,0.00),(248,'',NULL,'娃娃菜',0,'斤',45,0.00,0.00,0.00,0.00,0.00),(249,'',NULL,'叶生菜',0,'斤',45,0.00,0.00,0.00,0.00,0.00),(250,'',NULL,'蒿子杆',0,'斤',45,0.00,0.00,0.00,0.00,0.00),(251,'',NULL,'西兰花',0,'斤',45,0.00,0.00,0.00,0.00,0.00),(252,'',NULL,'紫甘蓝',0,'斤',45,0.00,0.00,0.00,0.00,0.00),(253,'',NULL,'香葱',0,'斤',45,0.00,0.00,0.00,0.00,0.00),(254,'',NULL,'小米辣',0,'斤',45,0.00,0.00,0.00,0.00,0.00),(255,'',NULL,'蒜米',0,'斤',45,0.00,0.00,0.00,0.00,0.00),(256,'',NULL,'青笋',0,'斤',45,0.00,0.00,0.00,0.00,0.00),(257,'',NULL,'油菜',0,'斤',45,0.00,0.00,0.00,0.00,0.00),(258,'',NULL,'白菜',0,'斤',45,0.00,0.00,0.00,0.00,0.00),(259,'',NULL,'南瓜',0,'斤',45,0.00,0.00,0.00,0.00,0.00),(260,'',NULL,'菜心',0,'斤',45,0.00,0.00,0.00,0.00,0.00),(261,'',NULL,'苦苣',0,'斤',45,0.00,0.00,0.00,0.00,0.00),(262,'',NULL,'香菇',0,'斤',46,0.00,0.00,0.00,0.00,0.00),(263,'',NULL,'金针菇',0,'袋',46,0.00,0.00,0.00,0.00,0.00),(264,'',NULL,'平菇',0,'斤',46,0.00,0.00,0.00,0.00,0.00),(265,'',NULL,'秀珍菇',0,'袋',46,0.00,0.00,0.00,0.00,0.00),(266,'',NULL,'白玉菇',0,'袋',46,0.00,0.00,0.00,0.00,0.00),(267,'',NULL,'蟹味菇',0,'袋',46,0.00,0.00,0.00,0.00,0.00),(268,'',NULL,'牛筋面',0,'袋',47,24.00,0.00,0.00,0.00,0.00),(269,'',NULL,'玉米面',0,'袋',47,24.00,0.00,0.00,0.00,0.00),(270,'',NULL,'菠菜面',0,'箱',47,95.00,0.00,0.00,0.00,0.00),(271,'',NULL,'方便面',0,'箱',47,32.00,0.00,0.00,0.00,0.00),(272,'',NULL,'宽牛筋面',0,'袋',47,24.00,0.00,0.00,0.00,0.00),(273,'',NULL,'荞麦面',0,'袋',47,24.00,0.00,0.00,0.00,0.00),(274,'',NULL,'宽粉',0,'袋',48,18.00,0.00,0.00,0.00,0.00),(275,'',NULL,'川粉',0,'箱',48,100.00,0.00,0.00,0.00,0.00),(276,'',NULL,'土豆粉（细）',0,'袋/20包',48,18.00,0.00,0.00,0.00,0.00),(277,'',NULL,'干粉丝',0,'袋',48,68.00,0.00,0.00,0.00,0.00),(278,'',NULL,'地瓜粉',0,'袋',48,0.00,0.00,0.00,0.00,0.00),(279,'',NULL,'肥羊粉',0,'袋',48,0.00,0.00,0.00,0.00,0.00),(280,'',NULL,'魔芋结',0,'箱',49,40.00,0.00,0.00,0.00,0.00),(281,'',NULL,'腐竹',0,'袋',49,27.50,0.00,0.00,0.00,0.00),(282,'',NULL,'油豆皮',0,'箱',49,135.00,0.00,0.00,0.00,0.00),(283,'',NULL,'素肚',0,'箱',49,65.00,0.00,0.00,0.00,0.00),(284,'',NULL,'东北老豆皮（丝）',0,'袋',32,75.00,0.00,0.00,0.00,0.00),(285,'',NULL,'素鸡',0,'箱',49,0.00,0.00,0.00,0.00,0.00),(286,'',NULL,'烤麸',0,'袋/5斤',49,0.00,0.00,0.00,0.00,0.00),(287,'',NULL,'面筋',0,'袋/5斤',49,0.00,0.00,0.00,0.00,0.00),(288,'',NULL,'海带扣',0,'箱',50,15.00,0.00,0.00,0.00,0.00),(289,'',NULL,'藕片',0,'箱',50,30.00,0.00,0.00,0.00,0.00),(290,'',NULL,'笋尖',0,'箱',50,95.00,0.00,0.00,0.00,0.00),(291,'',NULL,'滑子蘑',0,'桶',50,23.75,0.00,0.00,0.00,0.00),(292,'',NULL,'木耳',0,'袋/1斤',50,35.80,0.00,0.00,0.00,0.00),(293,'',NULL,'银耳',0,'袋/1斤',50,28.20,0.00,0.00,0.00,0.00),(294,'',NULL,'草丝',0,'箱',50,0.00,0.00,0.00,0.00,0.00),(295,'',NULL,'培根',0,'袋/1.7KG',51,25.00,0.00,0.00,0.00,0.00),(296,'',NULL,'黄金鱼豆腐',0,'袋/2.5KG',51,27.50,0.00,0.00,0.00,0.00),(297,'',NULL,'千叶豆腐',0,'袋/2.5KG',51,17.50,0.00,0.00,0.00,0.00),(298,'',NULL,'章鱼丸',0,'袋/2.5KG',51,33.00,33.00,0.00,0.00,0.00),(299,'',NULL,'墨鱼丸',0,'袋/2.5KG',51,32.50,0.00,0.00,0.00,0.00),(301,'',NULL,'开花牛肉丸',0,'袋/2.5KG',51,33.75,0.00,0.00,0.00,0.00),(302,'',NULL,'香菇贡丸',0,'袋/2.5KG',51,36.25,0.00,0.00,0.00,0.00),(303,'',NULL,'紫薯球',0,'袋/2.5KG',51,22.50,0.00,0.00,0.00,0.00),(304,'',NULL,'香辣鱼果',0,'袋/2.5KG',51,30.00,0.00,0.00,0.00,0.00),(305,'',NULL,'亲亲肠',0,'袋/2.5KG',51,37.50,0.00,0.00,0.00,0.00),(306,'',NULL,'开花肠',0,'袋/2.5KG',51,32.50,0.00,0.00,0.00,0.00),(307,'',NULL,'玉米肠',0,'袋/1.5KG',51,17.50,0.00,0.00,0.00,0.00),(308,'',NULL,'烤肠',0,'袋/2.0KG',51,26.60,0.00,0.00,0.00,0.00),(309,'',NULL,'墨鱼肠',0,'袋/2.5KG',51,42.00,0.00,0.00,0.00,0.00),(310,'',NULL,'鱼皮脆',0,'袋/2.5KG',51,21.75,0.00,0.00,0.00,0.00),(311,'',NULL,'甜不辣',0,'袋/2.5KG',51,33.75,0.00,0.00,0.00,0.00),(312,'',NULL,'虾米饺',0,'袋/2.5KG',51,27.50,0.00,0.00,0.00,0.00),(313,'',NULL,'玉米饺',0,'袋/2.5KG',51,33.75,0.00,0.00,0.00,0.00),(314,'',NULL,'仿干贝',0,'袋/2.5KG',51,38.75,0.00,0.00,0.00,0.00),(315,'',NULL,'夹心鱼排',0,'袋/2.5KG',51,28.75,0.00,0.00,0.00,0.00),(316,'',NULL,'烧鱼板',0,'袋/2.5KG',51,31.25,0.00,0.00,0.00,0.00),(317,'',NULL,'夹心蟹排',0,'袋/2.5KG',51,28.75,0.00,0.00,0.00,0.00),(318,'',NULL,'蟹棒',0,'袋/2.5KG',51,34.50,0.00,0.00,0.00,0.00),(319,'',NULL,'彩虹卷',0,'袋/2.5KG',51,32.00,0.00,0.00,0.00,0.00),(320,'',NULL,'小蟹排',0,'袋/2.5KG',51,32.00,0.00,0.00,0.00,0.00),(321,'',NULL,'撒尿牛丸',0,'袋/2.5KG',51,30.00,0.00,0.00,0.00,0.00),(322,'',NULL,'黄金鱼卷',0,'袋/2.5KG',51,33.75,0.00,0.00,0.00,0.00),(323,'',NULL,'鸡肉丸',0,'袋/2.5KG',51,0.00,0.00,0.00,0.00,0.00),(324,'',NULL,'西湖燕饺',0,'袋/2.5KG',51,0.00,0.00,0.00,0.00,0.00),(325,'',NULL,'薯条',0,'袋/10包',52,22.00,0.00,0.00,0.00,0.00),(326,'',NULL,'鸡块',0,'袋/10包',52,26.00,0.00,0.00,0.00,0.00),(327,'',NULL,'鸡米花',0,'袋/10包',52,36.00,0.00,0.00,0.00,0.00),(328,'',NULL,'川香鸡柳',0,'袋/10包',52,16.00,0.00,0.00,0.00,0.00),(329,'',NULL,'骨肉相连',0,'袋/10包',52,22.00,0.00,0.00,0.00,0.00),(330,'',NULL,'口口香',3,'袋/10包',52,0.00,0.00,0.00,0.00,0.00),(331,'',NULL,'泡椒',0,'袋/1斤',36,16.00,0.00,0.00,0.00,0.00),(332,'',NULL,'麻酱调料包',0,'袋/5包',36,30.00,0.00,0.00,0.00,0.00),(333,'',NULL,'麻酱',0,'桶',36,55.00,0.00,0.00,0.00,0.00),(334,'',NULL,'麻椒粉',0,'袋/5包',36,150.00,0.00,0.00,0.00,0.00),(335,'',NULL,'干拌香粉',0,'袋/2包',36,13.00,0.00,0.00,0.00,0.00),(336,'',NULL,'香其酱',0,'袋',53,2.00,0.00,0.00,0.00,0.00),(348,'',NULL,'咸菜',0,'袋',53,0.00,0.00,0.00,0.00,0.00),(349,'',NULL,'蚝油',1,'箱',54,0.00,0.00,0.00,0.00,0.00),(350,'',NULL,'盐',1,'箱',54,0.00,0.00,0.00,0.00,0.00),(351,'',NULL,'奶粉',1,'袋',54,0.00,0.00,0.00,0.00,0.00),(352,'',NULL,'干拌香粉',1,'斤',54,0.00,0.00,0.00,0.00,0.00),(353,'',NULL,'麻椒粉',1,'斤',54,0.00,0.00,0.00,0.00,0.00),(354,'',NULL,'孜然粉',1,'斤',54,0.00,0.00,0.00,0.00,0.00),(355,'',NULL,'咖喱粉',1,'箱',54,0.00,0.00,0.00,0.00,0.00),(356,'',NULL,'白胡椒',1,'斤',54,0.00,0.00,0.00,0.00,0.00),(357,'',NULL,'淀粉',1,'斤',54,0.00,0.00,0.00,0.00,0.00),(358,'',NULL,'味素',1,'斤',54,0.00,0.00,0.00,0.00,0.00),(359,'',NULL,'鲜味王',1,'箱',54,0.00,0.00,0.00,0.00,0.00),(360,'',NULL,'奥尔良',1,'箱',54,0.00,0.00,0.00,0.00,0.00),(361,'',NULL,'麻辣鲜',1,'箱',54,0.00,0.00,0.00,0.00,0.00),(362,'',NULL,'牛肉粉',1,'箱',54,0.00,0.00,0.00,0.00,0.00),(363,'',NULL,'花生酱',1,'桶',54,0.00,0.00,0.00,0.00,0.00),(364,'',NULL,'豆豉',1,'箱',54,0.00,0.00,0.00,0.00,0.00),(365,'',NULL,'郫县豆瓣酱',1,'箱',54,0.00,0.00,0.00,0.00,0.00),(366,'',NULL,'咖喱酱',1,'箱',54,0.00,0.00,0.00,0.00,0.00),(367,'',NULL,'熟番茄酱',1,'箱',54,0.00,0.00,0.00,0.00,0.00),(368,'',NULL,'大红色素精油',1,'箱',54,0.00,0.00,0.00,0.00,0.00),(369,'',NULL,'大黄色素精油',1,'箱',54,0.00,0.00,0.00,0.00,0.00),(370,'',NULL,'生番茄酱',1,'箱',54,0.00,0.00,0.00,0.00,0.00),(371,'',NULL,'大豆油',1,'箱',54,0.00,0.00,0.00,0.00,0.00),(372,'',NULL,'香油',1,'桶',54,0.00,0.00,0.00,0.00,0.00),(373,'',NULL,'精炼牛油',1,'斤',54,0.00,0.00,0.00,0.00,0.00),(374,'',NULL,'羊油',1,'斤',54,0.00,0.00,0.00,0.00,0.00),(375,'',NULL,'猪油',1,'斤',54,0.00,0.00,0.00,0.00,0.00),(376,'',NULL,'鸡油',1,'斤',54,0.00,0.00,0.00,0.00,0.00),(377,'',NULL,'红油腰窝油',1,'斤',54,0.00,0.00,0.00,0.00,0.00),(378,'',NULL,'棕榈油',1,'箱',54,0.00,0.00,0.00,0.00,0.00),(379,'',NULL,'一滴香',1,'箱',54,0.00,0.00,0.00,0.00,0.00),(380,'',NULL,'辣椒精油',1,'箱',54,0.00,0.00,0.00,0.00,0.00),(381,'',NULL,'麻油',1,'箱',54,0.00,0.00,0.00,0.00,0.00),(382,'',NULL,'黄奶油',1,'箱',54,0.00,0.00,0.00,0.00,0.00),(383,'',NULL,'红花椒',1,'斤',54,0.00,0.00,0.00,0.00,0.00),(384,'',NULL,'药料',1,'套',54,0.00,0.00,0.00,0.00,0.00),(385,'',NULL,'子弹头二细',1,'斤',54,0.00,0.00,0.00,0.00,0.00),(386,'',NULL,'辣椒王三细',1,'斤',54,0.00,0.00,0.00,0.00,0.00),(387,'',NULL,'辣椒王精段',1,'斤',54,0.00,0.00,0.00,0.00,0.00),(388,'',NULL,'芝麻',1,'斤',54,0.00,0.00,0.00,0.00,0.00),(389,'',NULL,'幼砂',1,'斤',54,0.00,0.00,0.00,0.00,0.00),(390,'',NULL,'白酒',1,'箱',54,0.00,0.00,0.00,0.00,0.00),(391,'',NULL,'花雕酒',1,'箱',54,0.00,0.00,0.00,0.00,0.00),(392,'',NULL,'泡椒',1,'斤',54,0.00,0.00,0.00,0.00,0.00),(393,'',NULL,'韭菜花',1,'桶',54,0.00,0.00,0.00,0.00,0.00),(394,'',NULL,'腐乳汁',1,'桶',54,0.00,0.00,0.00,0.00,0.00);
/*!40000 ALTER TABLE `wf_goods` ENABLE KEYS */;
UNLOCK TABLES;

--
-- Table structure for table `wf_incoming`
--

DROP TABLE IF EXISTS `wf_incoming`;
/*!40101 SET @saved_cs_client     = @@character_set_client */;
/*!40101 SET character_set_client = utf8 */;
CREATE TABLE `wf_incoming` (
  `id` bigint(20) NOT NULL AUTO_INCREMENT,
  `WF_ALI` decimal(10,3) DEFAULT NULL,
  `WF_CASH` decimal(10,3) DEFAULT NULL,
  `WF_DATE` date DEFAULT NULL,
  `WF_DAZHONG` decimal(10,3) DEFAULT NULL,
  `WF_DELIVERY` decimal(10,3) DEFAULT NULL,
  `WF_DESC` varchar(400) DEFAULT NULL,
  `WF_GROUP` decimal(10,3) DEFAULT NULL,
  `WF_NUOMI` decimal(10,3) DEFAULT NULL,
  `WF_OTHER` decimal(10,3) DEFAULT NULL,
  `WF_WEIXIN` decimal(10,3) DEFAULT NULL,
  `WF_SHOP_ID` bigint(20) NOT NULL,
  `WF_ZLS` decimal(10,3) DEFAULT '0.000',
  `WF_DAZHONG_AF_FEE` decimal(10,3) DEFAULT '0.000',
  `WF_NUOMI_AF_FEE` decimal(10,3) DEFAULT '0.000',
  PRIMARY KEY (`id`),
  KEY `FK_nxy8y2bc005ww12uxwbuq1w8b` (`WF_SHOP_ID`),
  CONSTRAINT `FK_nxy8y2bc005ww12uxwbuq1w8b` FOREIGN KEY (`WF_SHOP_ID`) REFERENCES `wf_shop` (`id`)
) ENGINE=InnoDB AUTO_INCREMENT=104 DEFAULT CHARSET=utf8;
/*!40101 SET character_set_client = @saved_cs_client */;

--
-- Dumping data for table `wf_incoming`
--

LOCK TABLES `wf_incoming` WRITE;
/*!40000 ALTER TABLE `wf_incoming` DISABLE KEYS */;
INSERT INTO `wf_incoming` VALUES (2,0.000,1383.800,'2016-10-19',617.800,0.000,NULL,0.000,548.800,0.000,0.000,6,2001.600,0.000,0.000),(3,0.000,1383.800,'2016-10-19',617.800,0.000,NULL,0.000,548.800,0.000,4.000,7,0.000,0.000,0.000),(4,0.000,0.000,'2016-10-23',0.000,0.000,NULL,0.000,0.000,0.000,0.000,8,0.000,0.000,0.000),(5,0.000,674.500,'2016-10-26',615.600,0.000,NULL,0.000,0.000,0.000,4.000,6,1290.100,540.600,0.000),(6,338.500,1531.500,'2016-10-26',324.000,0.000,NULL,0.000,0.000,0.000,0.000,8,2194.000,285.000,0.000),(7,250.300,1272.900,'2016-10-27',159.600,0.000,NULL,0.000,0.000,0.000,0.000,8,1682.800,144.600,0.000),(8,0.000,0.000,'2016-10-27',0.000,0.000,NULL,0.000,0.000,0.000,0.000,7,0.000,0.000,0.000),(9,0.000,1191.300,'2016-10-27',297.700,0.000,NULL,0.000,0.000,0.000,4.000,6,1489.000,144.600,0.000),(10,0.000,0.000,'2016-10-28',0.000,0.000,NULL,0.000,0.000,0.000,0.000,8,0.000,0.000,0.000),(11,0.000,1232.200,'2016-10-28',418.700,0.000,NULL,0.000,0.000,0.000,5.000,6,1650.900,373.700,0.000),(12,325.900,2727.600,'2016-10-29',398.900,0.000,NULL,0.000,0.000,0.000,0.000,8,3452.400,347.900,0.000),(13,0.000,940.700,'2016-10-29',614.000,0.000,NULL,0.000,0.000,0.000,0.000,7,1554.700,542.000,0.000),(14,147.300,3079.300,'2016-10-30',719.200,0.000,NULL,0.000,0.000,0.000,0.000,8,3945.800,632.300,0.000),(15,0.000,1263.600,'2016-10-30',309.200,0.000,NULL,0.000,0.000,0.000,6.000,6,1572.800,273.200,0.000),(16,0.000,1134.500,'2016-10-30',583.500,0.000,NULL,0.000,20.000,0.000,0.000,7,1738.000,517.500,20.000),(17,164.800,164.000,'2016-10-31',448.400,0.000,NULL,0.000,0.000,0.000,0.000,8,2253.200,391.400,0.000),(18,0.000,1087.200,'2016-10-31',638.480,0.000,NULL,0.000,33.200,0.000,22.000,6,1759.400,554.480,29.200),(19,0.000,1317.200,'2016-10-31',825.500,0.000,NULL,0.000,0.000,0.000,0.000,7,2145.700,726.500,0.000),(20,0.000,0.000,'2016-11-01',0.000,0.000,NULL,0.000,0.000,0.000,0.000,8,0.000,0.000,0.000),(21,0.000,1227.600,'2016-11-01',362.100,0.000,NULL,0.000,0.000,0.000,8.000,6,1589.700,317.100,0.000),(22,0.000,1505.200,'2016-11-01',518.300,0.000,NULL,0.000,0.000,0.000,0.000,7,2023.500,458.300,0.000),(23,0.000,1140.800,'2016-11-02',247.500,0.000,NULL,0.000,42.400,0.000,15.000,6,1430.700,220.500,34.400),(24,0.000,1134.100,'2016-11-03',298.800,0.000,NULL,0.000,0.000,0.000,5.000,6,1432.900,265.800,0.000),(25,113.100,1278.700,'2016-11-03',361.300,0.000,NULL,0.000,0.000,0.000,0.000,8,1753.100,319.300,0.000),(26,0.000,0.000,'2016-11-03',0.000,0.000,NULL,0.000,0.000,0.000,0.000,7,0.000,0.000,0.000),(27,0.000,961.000,'2016-11-04',3775.000,0.000,NULL,0.000,0.000,0.000,0.000,6,1338.000,335.000,0.000),(28,243.300,1215.700,'2016-11-04',401.900,0.000,NULL,0.000,0.000,0.000,0.000,8,1860.300,356.900,0.000),(29,0.000,1389.300,'2016-11-04',703.500,0.000,NULL,0.000,0.000,0.000,0.000,7,2092.800,619.500,0.000),(30,0.000,1052.500,'2016-11-05',453.300,0.000,NULL,0.000,0.000,0.000,3.000,6,1505.800,411.300,0.000),(31,0.000,1315.800,'2016-11-06',325.800,0.000,NULL,0.000,0.000,0.000,8.000,6,1641.600,289.800,0.000),(32,121.600,2834.200,'2016-11-06',904.500,0.000,NULL,0.000,0.000,0.000,0.000,8,3860.300,793.500,0.000),(33,0.000,1395.000,'2016-11-06',462.500,0.000,NULL,0.000,0.000,0.000,0.000,7,1857.500,408.500,0.000),(34,0.000,1371.600,'2016-11-07',244.800,0.000,NULL,0.000,54.700,0.000,6.000,6,1671.100,217.800,46.700),(35,103.100,1603.000,'2016-11-07',298.700,0.000,NULL,0.000,0.000,0.000,0.000,8,2059.500,262.700,0.000),(36,0.000,1211.100,'2016-11-08',362.800,0.000,NULL,0.000,22.000,0.000,10.000,6,1595.900,317.800,18.000),(37,0.000,1125.900,'2016-11-09',580.700,0.000,NULL,0.000,0.000,0.000,7.000,6,1706.600,511.700,0.000),(38,129.900,1564.300,'2016-11-09',371.700,0.000,NULL,0.000,0.000,0.000,0.000,8,2065.900,329.700,0.000),(39,0.000,1827.000,'2016-11-09',0.000,0.000,NULL,0.000,0.000,0.000,0.000,7,2566.000,0.000,0.000),(40,0.000,1275.000,'2016-11-10',256.200,0.000,NULL,0.000,0.000,0.000,11.000,6,1531.200,226.200,0.000),(41,0.000,1484.400,'2016-11-10',767.500,0.000,NULL,0.000,0.000,0.000,0.000,7,2251.900,674.500,0.000),(42,0.000,1666.700,'2016-11-11',564.700,0.000,NULL,0.000,45.000,0.000,13.000,6,2276.400,498.700,37.000),(43,0.000,1028.000,'2016-11-11',988.500,0.000,NULL,0.000,0.000,0.000,0.000,7,2016.500,871.500,0.000),(44,147.500,2846.500,'2016-11-11',831.400,0.000,NULL,0.000,0.000,0.000,0.000,8,3825.400,732.400,0.000),(45,0.000,1472.600,'2016-11-12',432.900,0.000,NULL,0.000,45.000,0.000,0.000,6,1950.500,384.900,37.000),(46,189.700,2756.600,'2016-11-12',520.300,0.000,NULL,0.000,45.000,0.000,0.000,8,3511.600,454.300,37.000),(47,0.000,1160.600,'2016-11-12',543.000,0.000,NULL,0.000,0.000,0.000,0.000,7,1703.600,480.000,0.000),(48,0.000,1449.940,'2016-11-13',373.460,0.000,NULL,0.000,0.000,0.000,0.000,6,1823.400,334.460,0.000),(49,107.600,2679.300,'2016-11-13',719.800,0.000,NULL,0.000,0.000,0.000,0.000,8,3506.700,632.800,0.000),(50,0.000,1263.800,'2016-11-13',469.500,0.000,NULL,0.000,0.000,0.000,0.000,7,1733.300,418.500,0.000),(51,106.300,1437.800,'2016-11-14',365.400,0.000,NULL,0.000,20.500,0.000,0.000,8,1930.000,317.400,16.500),(52,0.000,1202.000,'2016-11-14',523.300,0.000,NULL,0.000,20.500,0.000,10.000,6,1745.800,472.300,16.500),(53,0.000,0.000,'2016-11-15',0.000,0.000,NULL,0.000,0.000,0.000,0.000,6,0.000,0.000,0.000),(54,62.100,1733.600,'2016-11-15',518.000,0.000,NULL,0.000,0.000,0.000,0.000,8,2313.700,458.000,0.000),(55,0.000,1084.100,'2016-11-15',473.500,0.000,NULL,0.000,0.000,0.000,0.000,7,1557.600,416.500,0.000),(56,420.200,1723.200,'2016-11-16',569.800,0.000,NULL,0.000,0.000,0.000,0.000,8,2713.200,497.800,0.000),(57,0.000,1634.800,'2016-11-16',525.700,0.000,NULL,0.000,0.000,0.000,11.000,6,2160.500,468.700,0.000),(58,0.000,1045.700,'2016-11-16',1288.900,0.000,NULL,0.000,0.000,0.000,0.000,7,2400.500,1129.900,0.000),(59,0.000,1345.200,'2016-11-17',670.800,0.000,NULL,0.000,0.000,0.000,4.000,6,2016.000,586.800,0.000),(60,0.000,1434.300,'2016-11-17',1156.800,0.000,NULL,0.000,0.000,0.000,0.000,7,2611.100,1021.800,0.000),(61,0.000,1342.500,'2016-11-18',740.000,0.000,NULL,0.000,0.000,0.000,0.000,7,2082.500,653.000,0.000),(62,0.000,1184.500,'2016-11-18',387.400,0.000,NULL,0.000,0.000,0.000,2.000,6,1571.900,342.400,0.000),(63,425.700,1664.500,'2016-11-18',562.200,0.000,NULL,0.000,21.200,0.000,0.000,8,2673.600,496.200,17.200),(64,0.000,1392.800,'2016-11-19',621.700,0.000,NULL,0.000,0.000,0.000,3.000,6,2014.500,546.700,0.000),(65,128.100,2920.000,'2016-11-19',739.600,0.000,NULL,0.000,0.000,0.000,49.800,8,3869.100,655.600,0.000),(66,0.000,1132.200,'2016-11-19',536.400,0.000,NULL,0.000,0.000,0.000,0.000,7,1668.600,470.400,0.000),(67,0.000,0.000,'2016-11-20',0.000,0.000,NULL,0.000,0.000,0.000,0.000,6,0.000,0.000,0.000),(68,0.000,0.000,'2016-11-20',0.000,0.000,NULL,0.000,0.000,0.000,0.000,8,1320.000,0.000,0.000),(69,0.000,927.100,'2016-11-20',530.000,0.000,NULL,0.000,0.000,0.000,0.000,7,1457.100,467.000,0.000),(70,0.000,1095.000,'2016-11-21',565.700,0.000,NULL,0.000,0.000,0.000,2.000,6,1660.700,493.700,0.000),(71,106.500,809.880,'2016-11-21',476.400,0.000,NULL,0.000,47.400,0.000,21.400,8,1483.200,416.400,39.400),(72,0.000,1068.300,'2016-11-21',678.100,0.000,NULL,0.000,0.000,0.000,0.000,7,1746.400,600.100,0.000),(73,0.000,1193.100,'2016-11-22',264.300,0.000,NULL,0.000,0.000,0.000,6.000,6,1457.400,234.300,0.000),(74,0.000,1251.100,'2016-11-22',871.500,0.000,NULL,0.000,0.000,0.000,0.000,7,2143.100,766.500,0.000),(75,0.000,763.600,'2016-11-23',470.300,0.000,NULL,0.000,0.000,0.000,4.000,6,1233.900,413.300,0.000),(76,0.000,1716.000,'2016-11-23',694.800,0.000,NULL,0.000,0.000,0.000,0.000,7,2410.800,610.800,0.000),(77,0.000,1114.300,'2016-11-24',381.000,0.000,NULL,0.000,0.000,0.000,3.000,6,1495.300,336.000,0.000),(78,0.000,0.000,'2016-11-24',0.000,0.000,NULL,0.000,0.000,0.000,0.000,8,0.000,0.000,0.000),(79,0.000,1459.100,'2016-11-24',825.600,0.000,NULL,0.000,0.000,0.000,0.000,7,2309.700,723.600,0.000),(80,0.000,1208.800,'2016-11-25',911.000,0.000,NULL,0.000,0.000,0.000,0.000,7,2115.800,812.000,0.000),(81,0.000,1122.600,'2016-11-25',851.600,0.000,NULL,0.000,61.500,0.000,2.000,6,2035.700,749.500,49.500),(82,0.000,0.000,'2016-11-25',0.000,0.000,NULL,0.000,0.000,0.000,0.000,8,0.000,0.000,0.000),(83,0.000,1081.900,'2016-11-26',550.200,0.000,NULL,0.000,0.000,0.000,3.000,6,1632.100,475.200,0.000),(84,0.000,1380.300,'2016-11-26',383.700,0.000,NULL,0.000,0.000,0.000,0.000,7,1764.000,335.700,0.000),(85,0.000,1255.500,'2016-11-27',664.100,0.000,NULL,0.000,0.000,0.000,0.000,7,1919.600,592.100,0.000),(86,0.000,1495.200,'2016-11-27',365.100,0.000,NULL,0.000,0.000,0.000,3.000,6,1860.300,323.100,0.000),(87,0.000,0.000,'2016-11-27',0.000,0.000,NULL,0.000,0.000,0.000,0.000,8,0.000,0.000,0.000),(88,0.000,1781.100,'2016-11-28',448.000,0.000,NULL,0.000,0.000,0.000,0.000,7,2229.100,403.000,0.000),(89,0.000,1606.000,'2016-11-28',550.200,0.000,NULL,0.000,40.000,0.000,5.000,6,2196.200,481.200,32.000),(90,117.000,1248.000,'2016-11-28',284.000,0.000,NULL,0.000,40.000,0.000,0.000,8,1689.000,245.000,0.000),(91,0.000,1380.260,'2016-11-29',572.040,0.000,NULL,0.000,0.000,0.000,6.000,6,1952.300,497.040,0.000),(92,266.400,2106.000,'2016-11-29',506.900,0.000,NULL,0.000,0.000,0.000,0.000,8,2879.300,440.900,0.000),(93,0.000,1428.200,'2016-11-29',754.400,0.000,NULL,0.000,0.000,0.000,0.000,7,2182.600,673.400,0.000),(94,0.000,1362.400,'2016-11-30',372.100,0.000,NULL,0.000,25.200,0.000,0.000,6,1759.700,327.100,21.200),(95,0.000,1647.600,'2016-11-30',925.600,0.000,NULL,0.000,0.000,0.000,0.000,7,2573.200,820.600,0.000),(96,0.000,1262.000,'2016-12-01',482.400,0.000,NULL,0.000,20.500,0.000,2.000,6,1764.900,431.400,16.500),(97,0.000,1393.500,'2016-12-01',917.100,0.000,NULL,0.000,0.000,0.000,0.000,7,2310.600,806.100,0.000),(98,151.000,2512.600,'2016-12-01',670.700,0.000,NULL,0.000,0.000,0.000,91.700,8,3426.000,589.700,0.000),(99,0.000,1271.500,'2016-12-02',649.700,0.000,NULL,0.000,27.800,0.000,4.000,6,1949.000,577.700,23.800),(100,0.000,801.000,'2016-12-03',559.300,0.000,NULL,0.000,0.000,0.000,3.000,6,1361.000,493.300,0.000),(101,0.000,1160.000,'2016-12-03',611.100,0.000,NULL,0.000,0.000,0.000,0.000,7,1793.500,533.100,0.000),(102,0.000,0.000,'2016-12-03',0.000,0.000,NULL,0.000,0.000,0.000,0.000,8,0.000,0.000,0.000),(103,154.600,2743.200,'2016-12-04',760.200,0.000,NULL,0.000,31.000,0.000,0.000,8,3689.200,664.200,27.000);
/*!40000 ALTER TABLE `wf_incoming` ENABLE KEYS */;
UNLOCK TABLES;

--
-- Table structure for table `wf_incoming_delivery`
--

DROP TABLE IF EXISTS `wf_incoming_delivery`;
/*!40101 SET @saved_cs_client     = @@character_set_client */;
/*!40101 SET character_set_client = utf8 */;
CREATE TABLE `wf_incoming_delivery` (
  `id` bigint(20) NOT NULL AUTO_INCREMENT,
  `WF_DATE` date DEFAULT NULL,
  `WF_DELIVERY_FEE` decimal(10,3) DEFAULT NULL,
  `deliveryType` int(11) DEFAULT NULL,
  `WF_DESC` varchar(400) DEFAULT NULL,
  `WF_INCOMING` decimal(10,3) DEFAULT NULL,
  `WF_ONLINE_PAYMENT` decimal(10,3) DEFAULT NULL,
  `WF_REFUND` decimal(10,3) DEFAULT NULL,
  `WF_REFUND1` decimal(10,3) DEFAULT NULL,
  `WF_SERVICE_FEE` decimal(10,3) DEFAULT NULL,
  `WF_VALID` decimal(4,0) DEFAULT NULL,
  `WF_SHOP_ID` bigint(20) NOT NULL,
  PRIMARY KEY (`id`),
  KEY `FK_chrohq1yn5gumlqc8kfo7psx0` (`WF_SHOP_ID`),
  CONSTRAINT `FK_chrohq1yn5gumlqc8kfo7psx0` FOREIGN KEY (`WF_SHOP_ID`) REFERENCES `wf_shop` (`id`)
) ENGINE=InnoDB AUTO_INCREMENT=516 DEFAULT CHARSET=utf8;
/*!40101 SET character_set_client = @saved_cs_client */;

--
-- Dumping data for table `wf_incoming_delivery`
--

LOCK TABLES `wf_incoming_delivery` WRITE;
/*!40000 ALTER TABLE `wf_incoming_delivery` DISABLE KEYS */;
INSERT INTO `wf_incoming_delivery` VALUES (6,'2016-10-19',0.000,0,NULL,0.000,0.000,0.000,0.000,0.000,0,6),(7,'2016-10-19',0.000,2,NULL,403.560,0.000,0.000,0.000,0.000,0,6),(8,'2016-10-19',0.000,3,NULL,671.500,547.500,4.000,120.000,0.000,0,6),(9,'2016-10-19',0.000,4,NULL,0.000,0.000,0.000,0.000,0.000,0,6),(10,'2016-10-19',0.000,1,NULL,0.000,0.000,0.000,0.000,0.000,0,6),(11,'2016-10-19',0.000,0,NULL,0.000,0.000,0.000,0.000,0.000,0,7),(12,'2016-10-19',0.000,2,NULL,403.560,0.000,0.000,0.000,0.000,0,7),(13,'2016-10-19',0.000,3,NULL,671.500,547.500,4.000,120.000,0.000,0,7),(14,'2016-10-19',0.000,4,NULL,0.000,0.000,0.000,0.000,0.000,0,7),(15,'2016-10-19',0.000,1,NULL,0.000,0.000,0.000,0.000,0.000,0,7),(16,'2016-10-23',0.000,0,NULL,0.000,0.000,0.000,0.000,0.000,0,8),(17,'2016-10-23',0.000,2,NULL,0.000,0.000,0.000,0.000,0.000,0,8),(18,'2016-10-23',0.000,3,NULL,0.000,0.000,0.000,0.000,0.000,0,8),(19,'2016-10-23',0.000,4,NULL,0.000,0.000,0.000,0.000,0.000,0,8),(20,'2016-10-23',0.000,1,NULL,0.000,0.000,0.000,0.000,0.000,0,8),(21,'2016-10-26',0.000,0,NULL,0.000,0.000,0.000,0.000,0.000,0,6),(22,'2016-10-26',0.000,2,NULL,426.120,0.000,0.000,0.000,0.000,0,6),(23,'2016-10-26',0.000,3,NULL,813.800,671.800,140.000,2.000,0.000,0,6),(24,'2016-10-26',0.000,4,NULL,0.000,0.000,0.000,0.000,0.000,0,6),(25,'2016-10-26',0.000,1,NULL,0.000,0.000,0.000,0.000,0.000,0,6),(26,'2016-10-26',0.000,0,NULL,0.000,0.000,0.000,0.000,0.000,0,8),(27,'2016-10-26',0.000,2,NULL,0.000,0.000,0.000,0.000,0.000,0,8),(28,'2016-10-26',0.000,3,NULL,0.000,0.000,0.000,0.000,0.000,0,8),(29,'2016-10-26',0.000,4,NULL,0.000,0.000,0.000,0.000,0.000,0,8),(30,'2016-10-26',0.000,1,NULL,0.000,0.000,0.000,0.000,0.000,0,8),(31,'2016-10-27',0.000,0,NULL,0.000,0.000,0.000,0.000,0.000,0,8),(32,'2016-10-27',0.000,2,NULL,0.000,0.000,0.000,0.000,0.000,0,8),(33,'2016-10-27',0.000,3,NULL,0.000,0.000,0.000,0.000,0.000,0,8),(34,'2016-10-27',0.000,4,NULL,0.000,0.000,0.000,0.000,0.000,0,8),(35,'2016-10-27',0.000,1,NULL,0.000,0.000,0.000,0.000,0.000,0,8),(36,'2016-10-27',0.000,0,NULL,0.000,0.000,0.000,0.000,0.000,0,7),(37,'2016-10-27',0.000,2,NULL,0.000,0.000,0.000,0.000,0.000,0,7),(38,'2016-10-27',0.000,3,NULL,0.000,0.000,0.000,0.000,0.000,0,7),(39,'2016-10-27',0.000,4,NULL,0.000,0.000,0.000,0.000,0.000,0,7),(40,'2016-10-27',0.000,1,NULL,0.000,0.000,0.000,0.000,0.000,0,7),(41,'2016-10-27',0.000,0,NULL,0.000,0.000,0.000,0.000,0.000,0,6),(42,'2016-10-27',0.000,2,NULL,291.240,0.000,0.000,0.000,0.000,0,6),(43,'2016-10-27',0.000,3,NULL,644.400,5364.000,2.000,106.000,0.000,0,6),(44,'2016-10-27',0.000,4,NULL,0.000,0.000,0.000,0.000,0.000,0,6),(45,'2016-10-27',0.000,1,NULL,0.000,0.000,0.000,0.000,0.000,0,6),(46,'2016-10-28',0.000,0,NULL,0.000,0.000,0.000,0.000,0.000,0,8),(47,'2016-10-28',0.000,2,NULL,0.000,0.000,0.000,0.000,0.000,0,8),(48,'2016-10-28',0.000,3,NULL,0.000,0.000,0.000,0.000,0.000,0,8),(49,'2016-10-28',0.000,4,NULL,0.000,0.000,0.000,0.000,0.000,0,8),(50,'2016-10-28',0.000,1,NULL,0.000,0.000,0.000,0.000,0.000,0,8),(51,'2016-10-28',0.000,0,NULL,0.000,0.000,0.000,0.000,0.000,0,6),(52,'2016-10-28',0.000,2,NULL,416.680,0.000,0.000,0.000,0.000,0,6),(53,'2016-10-28',0.000,3,NULL,592.200,478.200,0.000,109.000,0.000,0,6),(54,'2016-10-28',0.000,4,NULL,0.000,0.000,0.000,0.000,0.000,0,6),(55,'2016-10-28',0.000,1,NULL,0.000,0.000,0.000,0.000,0.000,0,6),(56,'2016-10-29',0.000,0,NULL,0.000,0.000,0.000,0.000,0.000,0,8),(57,'2016-10-29',0.000,2,NULL,0.000,0.000,0.000,0.000,0.000,0,8),(58,'2016-10-29',0.000,3,NULL,0.000,0.000,0.000,0.000,0.000,0,8),(59,'2016-10-29',0.000,4,NULL,0.000,0.000,0.000,0.000,0.000,0,8),(60,'2016-10-29',0.000,1,NULL,0.000,0.000,0.000,0.000,0.000,0,8),(61,'2016-10-29',0.000,0,NULL,303.300,303.300,0.000,0.000,0.000,0,7),(62,'2016-10-29',0.000,2,NULL,316.000,316.000,0.000,0.000,0.000,0,7),(63,'2016-10-29',0.000,3,NULL,1855.300,1596.300,26.000,233.000,0.000,0,7),(64,'2016-10-29',0.000,4,NULL,0.000,0.000,0.000,0.000,0.000,0,7),(65,'2016-10-29',0.000,1,NULL,0.000,0.000,0.000,0.000,0.000,0,7),(66,'2016-10-30',0.000,0,NULL,0.000,0.000,0.000,0.000,0.000,0,8),(67,'2016-10-30',0.000,2,NULL,0.000,0.000,0.000,0.000,0.000,0,8),(68,'2016-10-30',0.000,3,NULL,0.000,0.000,0.000,0.000,0.000,0,8),(69,'2016-10-30',0.000,4,NULL,0.000,0.000,0.000,0.000,0.000,0,8),(70,'2016-10-30',0.000,1,NULL,0.000,0.000,0.000,0.000,0.000,0,8),(71,'2016-10-30',0.000,0,NULL,0.000,0.000,0.000,0.000,0.000,0,6),(72,'2016-10-30',0.000,2,NULL,438.480,0.000,0.000,0.000,0.000,0,6),(73,'2016-10-30',0.000,3,NULL,570.200,476.200,0.000,94.000,0.000,0,6),(74,'2016-10-30',0.000,4,NULL,0.000,0.000,0.000,0.000,0.000,0,6),(75,'2016-10-30',0.000,1,NULL,0.000,0.000,0.000,0.000,0.000,0,6),(76,'2016-10-30',0.000,0,NULL,306.200,306.200,0.000,0.000,0.000,0,7),(77,'2016-10-30',0.000,2,NULL,287.700,287.700,0.000,0.000,0.000,0,7),(78,'2016-10-30',0.000,3,NULL,0.000,0.000,0.000,0.000,0.000,0,7),(79,'2016-10-30',0.000,4,NULL,0.000,0.000,0.000,0.000,0.000,0,7),(80,'2016-10-30',0.000,1,NULL,0.000,0.000,0.000,0.000,0.000,0,7),(81,'2016-10-31',0.000,0,NULL,0.000,0.000,0.000,0.000,0.000,0,8),(82,'2016-10-31',0.000,2,NULL,0.000,0.000,0.000,0.000,0.000,0,8),(83,'2016-10-31',0.000,3,NULL,0.000,0.000,0.000,0.000,0.000,0,8),(84,'2016-10-31',0.000,4,NULL,0.000,0.000,0.000,0.000,0.000,0,8),(85,'2016-10-31',0.000,1,NULL,0.000,0.000,0.000,0.000,0.000,0,8),(86,'2016-10-31',0.000,0,NULL,0.000,0.000,0.000,0.000,0.000,0,6),(87,'2016-10-31',0.000,2,NULL,321.680,0.000,0.000,0.000,0.000,0,6),(88,'2016-10-31',0.000,3,NULL,544.600,455.600,0.000,89.000,0.000,0,6),(89,'2016-10-31',0.000,4,NULL,0.000,0.000,0.000,0.000,0.000,0,6),(90,'2016-10-31',0.000,1,NULL,0.000,0.000,0.000,0.000,0.000,0,6),(91,'2016-10-31',0.000,0,NULL,0.000,0.000,0.000,0.000,0.000,0,7),(92,'2016-10-31',0.000,2,NULL,108.300,108.300,0.000,0.000,0.000,0,7),(93,'2016-10-31',0.000,3,NULL,1967.300,1674.300,18.000,275.000,0.000,0,7),(94,'2016-10-31',0.000,4,NULL,0.000,0.000,0.000,0.000,0.000,0,7),(95,'2016-10-31',0.000,1,NULL,0.000,0.000,0.000,0.000,0.000,0,7),(96,'2016-11-01',0.000,0,NULL,0.000,0.000,0.000,0.000,0.000,0,8),(97,'2016-11-01',0.000,2,NULL,0.000,0.000,0.000,0.000,0.000,0,8),(98,'2016-11-01',0.000,3,NULL,0.000,0.000,0.000,0.000,0.000,0,8),(99,'2016-11-01',0.000,4,NULL,0.000,0.000,0.000,0.000,0.000,0,8),(100,'2016-11-01',0.000,1,NULL,0.000,0.000,0.000,0.000,0.000,0,8),(101,'2016-11-01',0.000,0,NULL,0.000,0.000,0.000,0.000,0.000,0,6),(102,'2016-11-01',0.000,2,NULL,248.800,0.000,0.000,0.000,0.000,0,6),(103,'2016-11-01',0.000,3,NULL,539.200,442.200,10.000,87.000,0.000,0,6),(104,'2016-11-01',0.000,4,NULL,0.000,0.000,0.000,0.000,0.000,0,6),(105,'2016-11-01',0.000,1,NULL,0.000,0.000,0.000,0.000,0.000,0,6),(106,'2016-11-01',0.000,0,NULL,150.900,150.900,0.000,0.000,0.000,0,7),(107,'2016-11-01',0.000,2,NULL,448.100,448.100,0.000,0.000,0.000,0,7),(108,'2016-11-01',0.000,3,NULL,1823.900,1536.900,33.000,254.000,0.000,0,7),(109,'2016-11-01',0.000,4,NULL,0.000,0.000,0.000,0.000,0.000,0,7),(110,'2016-11-01',0.000,1,NULL,0.000,0.000,0.000,0.000,0.000,0,7),(111,'2016-11-02',0.000,0,NULL,0.000,0.000,0.000,0.000,0.000,0,6),(112,'2016-11-02',0.000,2,NULL,367.080,0.000,0.000,0.000,0.000,0,6),(113,'2016-11-02',0.000,3,NULL,820.100,670.100,4.000,146.000,0.000,0,6),(114,'2016-11-02',0.000,4,NULL,0.000,0.000,0.000,0.000,0.000,0,6),(115,'2016-11-02',0.000,1,NULL,0.000,0.000,0.000,0.000,0.000,0,6),(116,'2016-11-03',0.000,0,NULL,0.000,0.000,0.000,0.000,0.000,0,6),(117,'2016-11-03',0.000,2,NULL,266.680,0.000,0.000,0.000,0.000,0,6),(118,'2016-11-03',0.000,3,NULL,601.600,490.600,0.000,111.000,0.000,0,6),(119,'2016-11-03',0.000,4,NULL,0.000,0.000,0.000,0.000,0.000,0,6),(120,'2016-11-03',0.000,1,NULL,0.000,0.000,0.000,0.000,0.000,0,6),(121,'2016-11-03',0.000,0,NULL,0.000,0.000,0.000,0.000,0.000,0,8),(122,'2016-11-03',0.000,2,NULL,0.000,0.000,0.000,0.000,0.000,0,8),(123,'2016-11-03',0.000,3,NULL,0.000,0.000,0.000,0.000,0.000,0,8),(124,'2016-11-03',0.000,4,NULL,0.000,0.000,0.000,0.000,0.000,0,8),(125,'2016-11-03',0.000,1,NULL,0.000,0.000,0.000,0.000,0.000,0,8),(126,'2016-11-03',0.000,0,NULL,0.000,0.000,0.000,0.000,0.000,0,7),(127,'2016-11-03',0.000,2,NULL,0.000,0.000,0.000,0.000,0.000,0,7),(128,'2016-11-03',0.000,3,NULL,0.000,0.000,0.000,0.000,0.000,0,7),(129,'2016-11-03',0.000,4,NULL,0.000,0.000,0.000,0.000,0.000,0,7),(130,'2016-11-03',0.000,1,NULL,0.000,0.000,0.000,0.000,0.000,0,7),(131,'2016-11-04',0.000,0,NULL,0.000,0.000,0.000,0.000,0.000,0,6),(132,'2016-11-04',0.000,2,NULL,0.000,0.000,0.000,0.000,0.000,0,6),(133,'2016-11-04',0.000,3,NULL,0.000,0.000,0.000,0.000,0.000,0,6),(134,'2016-11-04',0.000,4,NULL,0.000,0.000,0.000,0.000,0.000,0,6),(135,'2016-11-04',0.000,1,NULL,0.000,0.000,0.000,0.000,0.000,0,6),(136,'2016-11-04',0.000,0,NULL,0.000,0.000,0.000,0.000,0.000,0,8),(137,'2016-11-04',0.000,2,NULL,0.000,0.000,0.000,0.000,0.000,0,8),(138,'2016-11-04',0.000,3,NULL,0.000,0.000,0.000,0.000,0.000,0,8),(139,'2016-11-04',0.000,4,NULL,0.000,0.000,0.000,0.000,0.000,0,8),(140,'2016-11-04',0.000,1,NULL,0.000,0.000,0.000,0.000,0.000,0,8),(141,'2016-11-04',0.000,0,NULL,253.500,253.500,0.000,0.000,0.000,0,7),(142,'2016-11-04',0.000,2,NULL,502.800,502.800,0.000,0.000,0.000,0,7),(143,'2016-11-04',0.000,3,NULL,1793.800,1484.800,74.000,235.000,0.000,0,7),(144,'2016-11-04',0.000,4,NULL,0.000,0.000,0.000,0.000,0.000,0,7),(145,'2016-11-04',0.000,1,NULL,0.000,0.000,0.000,0.000,0.000,0,7),(146,'2016-11-05',0.000,0,NULL,0.000,0.000,0.000,0.000,0.000,0,6),(147,'2016-11-05',0.000,2,NULL,353.080,0.000,0.000,0.000,0.000,0,6),(148,'2016-11-05',0.000,3,NULL,634.800,527.800,28.000,79.000,0.000,0,6),(149,'2016-11-05',0.000,4,NULL,0.000,0.000,0.000,0.000,0.000,0,6),(150,'2016-11-05',0.000,1,NULL,0.000,0.000,0.000,0.000,0.000,0,6),(151,'2016-11-06',0.000,0,NULL,0.000,0.000,0.000,0.000,0.000,0,6),(152,'2016-11-06',0.000,2,NULL,250.320,0.000,0.000,0.000,0.000,0,6),(153,'2016-11-06',0.000,3,NULL,704.200,570.200,14.000,120.000,0.000,0,6),(154,'2016-11-06',0.000,4,NULL,0.000,0.000,0.000,0.000,0.000,0,6),(155,'2016-11-06',0.000,1,NULL,0.000,0.000,0.000,0.000,0.000,0,6),(156,'2016-11-06',0.000,0,NULL,0.000,0.000,0.000,0.000,0.000,0,8),(157,'2016-11-06',0.000,2,NULL,0.000,0.000,0.000,0.000,0.000,0,8),(158,'2016-11-06',0.000,3,NULL,0.000,0.000,0.000,0.000,0.000,0,8),(159,'2016-11-06',0.000,4,NULL,0.000,0.000,0.000,0.000,0.000,0,8),(160,'2016-11-06',0.000,1,NULL,0.000,0.000,0.000,0.000,0.000,0,8),(161,'2016-11-06',0.000,0,NULL,461.600,461.600,0.000,0.000,0.000,0,7),(162,'2016-11-06',0.000,2,NULL,266.200,266.200,0.000,0.000,0.000,0,7),(163,'2016-11-06',0.000,3,NULL,1715.100,1421.200,69.000,225.000,0.000,0,7),(164,'2016-11-06',0.000,4,NULL,0.000,0.000,0.000,0.000,0.000,0,7),(165,'2016-11-06',0.000,1,NULL,0.000,0.000,0.000,0.000,0.000,0,7),(166,'2016-11-07',0.000,0,NULL,0.000,0.000,0.000,0.000,0.000,0,6),(167,'2016-11-07',0.000,2,NULL,445.680,0.000,0.000,0.000,0.000,0,6),(168,'2016-11-07',0.000,3,NULL,759.800,640.800,16.000,103.000,0.000,0,6),(169,'2016-11-07',0.000,4,NULL,0.000,0.000,0.000,0.000,0.000,0,6),(170,'2016-11-07',0.000,1,NULL,0.000,0.000,0.000,0.000,0.000,0,6),(171,'2016-11-07',0.000,0,NULL,0.000,0.000,0.000,0.000,0.000,0,8),(172,'2016-11-07',0.000,2,NULL,0.000,0.000,0.000,0.000,0.000,0,8),(173,'2016-11-07',0.000,3,NULL,0.000,0.000,0.000,0.000,0.000,0,8),(174,'2016-11-07',0.000,4,NULL,0.000,0.000,0.000,0.000,0.000,0,8),(175,'2016-11-07',0.000,1,NULL,0.000,0.000,0.000,0.000,0.000,0,8),(176,'2016-11-08',0.000,0,NULL,0.000,0.000,0.000,0.000,0.000,0,6),(177,'2016-11-08',0.000,2,NULL,234.600,0.000,0.000,0.000,0.000,0,6),(178,'2016-11-08',0.000,3,NULL,452.000,0.000,0.000,75.000,0.000,0,6),(179,'2016-11-08',0.000,4,NULL,0.000,0.000,0.000,0.000,0.000,0,6),(180,'2016-11-08',0.000,1,NULL,0.000,0.000,0.000,0.000,0.000,0,6),(181,'2016-11-09',0.000,0,NULL,0.000,0.000,0.000,0.000,0.000,0,6),(182,'2016-11-09',0.000,2,NULL,516.800,0.000,0.000,0.000,0.000,0,6),(183,'2016-11-09',0.000,3,NULL,513.200,413.200,13.000,87.000,0.000,0,6),(184,'2016-11-09',0.000,4,NULL,0.000,0.000,0.000,0.000,0.000,0,6),(185,'2016-11-09',0.000,1,NULL,0.000,0.000,0.000,0.000,0.000,0,6),(186,'2016-11-09',0.000,0,NULL,0.000,0.000,0.000,0.000,0.000,0,8),(187,'2016-11-09',0.000,2,NULL,0.000,0.000,0.000,0.000,0.000,0,8),(188,'2016-11-09',0.000,3,NULL,0.000,0.000,0.000,0.000,0.000,0,8),(189,'2016-11-09',0.000,4,NULL,0.000,0.000,0.000,0.000,0.000,0,8),(190,'2016-11-09',0.000,1,NULL,0.000,0.000,0.000,0.000,0.000,0,8),(191,'2016-11-09',0.000,0,NULL,255.300,255.300,0.000,0.000,0.000,0,7),(192,'2016-11-09',0.000,2,NULL,189.400,189.400,0.000,0.000,0.000,0,7),(193,'2016-11-09',0.000,3,NULL,2230.900,1859.900,0.000,0.000,0.000,0,7),(194,'2016-11-09',0.000,4,NULL,0.000,0.000,0.000,0.000,0.000,0,7),(195,'2016-11-09',0.000,1,NULL,0.000,0.000,0.000,0.000,0.000,0,7),(196,'2016-11-10',0.000,0,NULL,0.000,0.000,0.000,0.000,0.000,0,6),(197,'2016-11-10',0.000,2,NULL,476.440,0.000,0.000,0.000,0.000,0,6),(198,'2016-11-10',0.000,3,NULL,637.900,0.000,0.000,83.000,0.000,0,6),(199,'2016-11-10',0.000,4,NULL,0.000,0.000,0.000,0.000,0.000,0,6),(200,'2016-11-10',0.000,1,NULL,0.000,0.000,0.000,0.000,0.000,0,6),(201,'2016-11-10',0.000,0,NULL,373.400,373.400,0.000,0.000,0.000,0,7),(202,'2016-11-10',0.000,2,NULL,344.300,344.300,0.000,0.000,0.000,0,7),(203,'2016-11-10',0.000,3,NULL,1811.500,1506.500,37.000,268.000,0.000,0,7),(204,'2016-11-10',0.000,4,NULL,0.000,0.000,0.000,0.000,0.000,0,7),(205,'2016-11-10',0.000,1,NULL,0.000,0.000,0.000,0.000,0.000,0,7),(206,'2016-11-11',0.000,0,NULL,0.000,0.000,0.000,0.000,0.000,0,6),(207,'2016-11-11',0.000,2,NULL,355.200,0.000,0.000,0.000,0.000,0,6),(208,'2016-11-11',0.000,3,NULL,376.100,0.000,0.000,59.000,0.000,0,6),(209,'2016-11-11',0.000,4,NULL,0.000,0.000,0.000,0.000,0.000,0,6),(210,'2016-11-11',0.000,1,NULL,0.000,0.000,0.000,0.000,0.000,0,6),(211,'2016-11-11',0.000,0,NULL,388.000,388.000,0.000,0.000,0.000,0,7),(212,'2016-11-11',0.000,2,NULL,358.600,358.600,0.000,0.000,0.000,0,7),(213,'2016-11-11',0.000,3,NULL,1932.800,1627.800,252.000,53.000,0.000,0,7),(214,'2016-11-11',0.000,4,NULL,0.000,0.000,0.000,0.000,0.000,0,7),(215,'2016-11-11',0.000,1,NULL,0.000,0.000,0.000,0.000,0.000,0,7),(216,'2016-11-11',0.000,0,NULL,0.000,0.000,0.000,0.000,0.000,0,8),(217,'2016-11-11',0.000,2,NULL,0.000,0.000,0.000,0.000,0.000,0,8),(218,'2016-11-11',0.000,3,NULL,0.000,0.000,0.000,0.000,0.000,0,8),(219,'2016-11-11',0.000,4,NULL,0.000,0.000,0.000,0.000,0.000,0,8),(220,'2016-11-11',0.000,1,NULL,0.000,0.000,0.000,0.000,0.000,0,8),(221,'2016-11-12',0.000,0,NULL,199.000,0.000,0.000,0.000,0.000,0,6),(222,'2016-11-12',0.000,2,NULL,288.240,0.000,0.000,0.000,0.000,0,6),(223,'2016-11-12',0.000,3,NULL,444.200,375.200,15.000,54.000,0.000,0,6),(224,'2016-11-12',0.000,4,NULL,0.000,0.000,0.000,0.000,0.000,0,6),(225,'2016-11-12',0.000,1,NULL,0.000,0.000,0.000,0.000,0.000,0,6),(226,'2016-11-12',0.000,0,NULL,0.000,0.000,0.000,0.000,0.000,0,8),(227,'2016-11-12',0.000,2,NULL,0.000,0.000,0.000,0.000,0.000,0,8),(228,'2016-11-12',0.000,3,NULL,0.000,0.000,0.000,0.000,0.000,0,8),(229,'2016-11-12',0.000,4,NULL,0.000,0.000,0.000,0.000,0.000,0,8),(230,'2016-11-12',0.000,1,NULL,0.000,0.000,0.000,0.000,0.000,0,8),(231,'2016-11-12',0.000,0,NULL,292.100,292.100,0.000,0.000,0.000,0,7),(232,'2016-11-12',0.000,2,NULL,395.600,395.600,0.000,0.000,0.000,0,7),(233,'2016-11-12',0.000,3,NULL,1902.000,1600.000,55.000,247.000,0.000,0,7),(234,'2016-11-12',0.000,4,NULL,0.000,0.000,0.000,0.000,0.000,0,7),(235,'2016-11-12',0.000,1,NULL,0.000,0.000,0.000,0.000,0.000,0,7),(236,'2016-11-13',0.000,0,NULL,79.600,0.000,0.000,0.000,0.000,0,6),(237,'2016-11-13',0.000,2,NULL,325.520,0.000,0.000,0.000,0.000,0,6),(238,'2016-11-13',0.000,3,NULL,790.000,660.000,4.000,126.000,0.000,0,6),(239,'2016-11-13',0.000,4,NULL,0.000,0.000,0.000,0.000,0.000,0,6),(240,'2016-11-13',0.000,1,NULL,0.000,0.000,0.000,0.000,0.000,0,6),(241,'2016-11-13',0.000,0,NULL,0.000,0.000,0.000,0.000,0.000,0,8),(242,'2016-11-13',0.000,2,NULL,0.000,0.000,0.000,0.000,0.000,0,8),(243,'2016-11-13',0.000,3,NULL,0.000,0.000,0.000,0.000,0.000,0,8),(244,'2016-11-13',0.000,4,NULL,0.000,0.000,0.000,0.000,0.000,0,8),(245,'2016-11-13',0.000,1,NULL,0.000,0.000,0.000,0.000,0.000,0,8),(246,'2016-11-13',0.000,0,NULL,332.300,332.300,0.000,0.000,0.000,0,7),(247,'2016-11-13',0.000,2,NULL,268.500,268.500,0.000,0.000,0.000,0,7),(248,'2016-11-13',0.000,3,NULL,2220.400,1881.400,10.000,329.000,0.000,0,7),(249,'2016-11-13',0.000,4,NULL,0.000,0.000,0.000,0.000,0.000,0,7),(250,'2016-11-13',0.000,1,NULL,0.000,0.000,0.000,0.000,0.000,0,7),(251,'2016-11-14',0.000,0,NULL,0.000,0.000,0.000,0.000,0.000,0,8),(252,'2016-11-14',0.000,2,NULL,0.000,0.000,0.000,0.000,0.000,0,8),(253,'2016-11-14',0.000,3,NULL,0.000,0.000,0.000,0.000,0.000,0,8),(254,'2016-11-14',0.000,4,NULL,0.000,0.000,0.000,0.000,0.000,0,8),(255,'2016-11-14',0.000,1,NULL,0.000,0.000,0.000,0.000,0.000,0,8),(256,'2016-11-14',0.000,0,NULL,271.200,0.000,0.000,0.000,0.000,0,6),(257,'2016-11-14',0.000,2,NULL,423.400,0.000,0.000,0.000,0.000,0,6),(258,'2016-11-14',0.000,3,NULL,694.100,0.000,0.000,0.000,0.000,0,6),(259,'2016-11-14',0.000,4,NULL,0.000,0.000,0.000,0.000,0.000,0,6),(260,'2016-11-14',0.000,1,NULL,0.000,0.000,0.000,0.000,0.000,0,6),(261,'2016-11-15',0.000,0,NULL,0.000,0.000,0.000,0.000,0.000,0,6),(262,'2016-11-15',0.000,2,NULL,0.000,0.000,0.000,0.000,0.000,0,6),(263,'2016-11-15',0.000,3,NULL,0.000,0.000,0.000,0.000,0.000,0,6),(264,'2016-11-15',0.000,4,NULL,0.000,0.000,0.000,0.000,0.000,0,6),(265,'2016-11-15',0.000,1,NULL,0.000,0.000,0.000,0.000,0.000,0,6),(266,'2016-11-15',0.000,0,NULL,0.000,0.000,0.000,0.000,0.000,0,8),(267,'2016-11-15',0.000,2,NULL,0.000,0.000,0.000,0.000,0.000,0,8),(268,'2016-11-15',0.000,3,NULL,0.000,0.000,0.000,0.000,0.000,0,8),(269,'2016-11-15',0.000,4,NULL,0.000,0.000,0.000,0.000,0.000,0,8),(270,'2016-11-15',0.000,1,NULL,0.000,0.000,0.000,0.000,0.000,0,8),(271,'2016-11-15',0.000,0,NULL,357.800,357.800,0.000,0.000,0.000,0,7),(272,'2016-11-15',0.000,2,NULL,246.800,246.800,0.000,0.000,0.000,0,7),(273,'2016-11-15',0.000,3,NULL,2079.100,1735.100,63.000,281.000,0.000,0,7),(274,'2016-11-15',0.000,4,NULL,0.000,0.000,0.000,0.000,0.000,0,7),(275,'2016-11-15',0.000,1,NULL,0.000,0.000,0.000,0.000,0.000,0,7),(276,'2016-11-16',0.000,0,NULL,0.000,0.000,0.000,0.000,0.000,0,8),(277,'2016-11-16',0.000,2,NULL,0.000,0.000,0.000,0.000,0.000,0,8),(278,'2016-11-16',0.000,3,NULL,0.000,0.000,0.000,0.000,0.000,0,8),(279,'2016-11-16',0.000,4,NULL,0.000,0.000,0.000,0.000,0.000,0,8),(280,'2016-11-16',0.000,1,NULL,0.000,0.000,0.000,0.000,0.000,0,8),(281,'2016-11-16',0.000,0,NULL,383.840,0.000,0.000,0.000,0.000,0,6),(282,'2016-11-16',0.000,2,NULL,432.760,0.000,0.000,0.000,0.000,0,6),(283,'2016-11-16',0.000,3,NULL,600.600,476.600,30.000,94.000,0.000,0,6),(284,'2016-11-16',0.000,4,NULL,0.000,0.000,0.000,0.000,0.000,0,6),(285,'2016-11-16',0.000,1,NULL,0.000,0.000,0.000,0.000,0.000,0,6),(286,'2016-11-16',0.000,0,NULL,235.000,235.000,0.000,0.000,0.000,0,7),(287,'2016-11-16',0.000,2,NULL,381.800,381.800,0.000,0.000,0.000,0,7),(288,'2016-11-16',0.000,3,NULL,1871.600,1573.600,45.000,253.000,0.000,0,7),(289,'2016-11-16',0.000,4,NULL,0.000,0.000,0.000,0.000,0.000,0,7),(290,'2016-11-16',0.000,1,NULL,0.000,0.000,0.000,0.000,0.000,0,7),(291,'2016-11-17',0.000,0,NULL,212.300,0.000,0.000,0.000,0.000,0,6),(292,'2016-11-17',0.000,2,NULL,291.200,0.000,0.000,0.000,0.000,0,6),(293,'2016-11-17',0.000,3,NULL,644.900,0.000,0.000,0.000,0.000,0,6),(294,'2016-11-17',0.000,4,NULL,0.000,0.000,0.000,0.000,0.000,0,6),(295,'2016-11-17',0.000,1,NULL,0.000,0.000,0.000,0.000,0.000,0,6),(296,'2016-11-17',0.000,0,NULL,338.600,338.600,0.000,0.000,0.000,0,7),(297,'2016-11-17',0.000,2,NULL,321.600,321.600,0.000,0.000,0.000,0,7),(298,'2016-11-17',0.000,3,NULL,1685.400,1403.400,65.000,217.000,0.000,0,7),(299,'2016-11-17',0.000,4,NULL,0.000,0.000,0.000,0.000,0.000,0,7),(300,'2016-11-17',0.000,1,NULL,0.000,0.000,0.000,0.000,0.000,0,7),(301,'2016-11-18',0.000,0,NULL,176.400,176.400,0.000,0.000,0.000,0,7),(302,'2016-11-18',0.000,2,NULL,435.000,435.000,0.000,0.000,0.000,0,7),(303,'2016-11-18',0.000,3,NULL,2379.900,1929.900,129.000,321.000,0.000,0,7),(304,'2016-11-18',0.000,4,NULL,0.000,0.000,0.000,0.000,0.000,0,7),(305,'2016-11-18',0.000,1,NULL,0.000,0.000,0.000,0.000,0.000,0,7),(306,'2016-11-18',0.000,0,NULL,204.140,0.000,0.000,0.000,0.000,0,6),(307,'2016-11-18',0.000,2,NULL,404.120,0.000,0.000,0.000,0.000,0,6),(308,'2016-11-18',0.000,3,NULL,736.900,0.000,0.000,0.000,0.000,0,6),(309,'2016-11-18',0.000,4,NULL,0.000,0.000,0.000,0.000,0.000,0,6),(310,'2016-11-18',0.000,1,NULL,0.000,0.000,0.000,0.000,0.000,0,6),(311,'2016-11-18',0.000,0,NULL,0.000,0.000,0.000,0.000,0.000,0,8),(312,'2016-11-18',0.000,2,NULL,0.000,0.000,0.000,0.000,0.000,0,8),(313,'2016-11-18',0.000,3,NULL,0.000,0.000,0.000,0.000,0.000,0,8),(314,'2016-11-18',0.000,4,NULL,0.000,0.000,0.000,0.000,0.000,0,8),(315,'2016-11-18',0.000,1,NULL,0.000,0.000,0.000,0.000,0.000,0,8),(316,'2016-11-19',0.000,0,NULL,411.800,0.000,0.000,0.000,0.000,0,6),(317,'2016-11-19',0.000,2,NULL,137.080,0.000,0.000,0.000,0.000,0,6),(318,'2016-11-19',0.000,3,NULL,646.600,530.600,8.000,108.000,0.000,0,6),(319,'2016-11-19',0.000,4,NULL,0.000,0.000,0.000,0.000,0.000,0,6),(320,'2016-11-19',0.000,1,NULL,0.000,0.000,0.000,0.000,0.000,0,6),(321,'2016-11-19',0.000,0,NULL,0.000,0.000,0.000,0.000,0.000,0,8),(322,'2016-11-19',0.000,2,NULL,0.000,0.000,0.000,0.000,0.000,0,8),(323,'2016-11-19',0.000,3,NULL,0.000,0.000,0.000,0.000,0.000,0,8),(324,'2016-11-19',0.000,4,NULL,0.000,0.000,0.000,0.000,0.000,0,8),(325,'2016-11-19',0.000,1,NULL,0.000,0.000,0.000,0.000,0.000,0,8),(326,'2016-11-19',0.000,0,NULL,458.600,458.600,0.000,0.000,0.000,0,7),(327,'2016-11-19',0.000,2,NULL,431.600,431.600,0.000,0.000,0.000,0,7),(328,'2016-11-19',0.000,3,NULL,2025.100,1684.100,268.000,73.000,0.000,0,7),(329,'2016-11-19',0.000,4,NULL,0.000,0.000,0.000,0.000,0.000,0,7),(330,'2016-11-19',0.000,1,NULL,0.000,0.000,0.000,0.000,0.000,0,7),(331,'2016-11-20',0.000,0,NULL,0.000,0.000,0.000,0.000,0.000,0,6),(332,'2016-11-20',0.000,2,NULL,0.000,0.000,0.000,0.000,0.000,0,6),(333,'2016-11-20',0.000,3,NULL,0.000,0.000,0.000,0.000,0.000,0,6),(334,'2016-11-20',0.000,4,NULL,0.000,0.000,0.000,0.000,0.000,0,6),(335,'2016-11-20',0.000,1,NULL,0.000,0.000,0.000,0.000,0.000,0,6),(336,'2016-11-20',0.000,0,NULL,0.000,0.000,0.000,0.000,0.000,0,8),(337,'2016-11-20',0.000,2,NULL,0.000,0.000,0.000,0.000,0.000,0,8),(338,'2016-11-20',0.000,3,NULL,0.000,0.000,0.000,0.000,0.000,0,8),(339,'2016-11-20',0.000,4,NULL,0.000,0.000,0.000,0.000,0.000,0,8),(340,'2016-11-20',0.000,1,NULL,0.000,0.000,0.000,0.000,0.000,0,8),(341,'2016-11-20',0.000,0,NULL,567.900,567.900,0.000,0.000,0.000,0,7),(342,'2016-11-20',0.000,2,NULL,425.600,425.600,0.000,0.000,0.000,0,7),(343,'2016-11-20',0.000,3,NULL,1479.700,1412.700,78.000,259.000,0.000,0,7),(344,'2016-11-20',0.000,4,NULL,0.000,0.000,0.000,0.000,0.000,0,7),(345,'2016-11-20',0.000,1,NULL,0.000,0.000,0.000,0.000,0.000,0,7),(346,'2016-11-21',0.000,0,NULL,374.600,0.000,0.000,0.000,0.000,0,6),(347,'2016-11-21',0.000,2,NULL,185.800,0.000,0.000,0.000,0.000,0,6),(348,'2016-11-21',0.000,3,NULL,378.600,0.000,0.000,62.000,0.000,0,6),(349,'2016-11-21',0.000,4,NULL,0.000,0.000,0.000,0.000,0.000,0,6),(350,'2016-11-21',0.000,1,NULL,0.000,0.000,0.000,0.000,0.000,0,6),(351,'2016-11-21',0.000,0,NULL,0.000,0.000,0.000,0.000,0.000,0,8),(352,'2016-11-21',0.000,2,NULL,0.000,0.000,0.000,0.000,0.000,0,8),(353,'2016-11-21',0.000,3,NULL,0.000,0.000,0.000,0.000,0.000,0,8),(354,'2016-11-21',0.000,4,NULL,0.000,0.000,0.000,0.000,0.000,0,8),(355,'2016-11-21',0.000,1,NULL,0.000,0.000,0.000,0.000,0.000,0,8),(356,'2016-11-21',0.000,0,NULL,37.000,37.000,0.000,0.000,0.000,0,7),(357,'2016-11-21',0.000,2,NULL,379.600,379.600,0.000,0.000,0.000,0,7),(358,'2016-11-21',0.000,3,NULL,1518.800,1278.800,38.000,202.000,0.000,0,7),(359,'2016-11-21',0.000,4,NULL,0.000,0.000,0.000,0.000,0.000,0,7),(360,'2016-11-21',0.000,1,NULL,0.000,0.000,0.000,0.000,0.000,0,7),(361,'2016-11-22',0.000,0,NULL,206.200,0.000,0.000,0.000,0.000,0,6),(362,'2016-11-22',0.000,2,NULL,398.200,0.000,0.000,0.000,0.000,0,6),(363,'2016-11-22',0.000,3,NULL,499.500,0.000,0.000,0.000,0.000,0,6),(364,'2016-11-22',0.000,4,NULL,0.000,0.000,0.000,0.000,0.000,0,6),(365,'2016-11-22',0.000,1,NULL,0.000,0.000,0.000,0.000,0.000,0,6),(366,'2016-11-22',0.000,0,NULL,341.800,341.800,0.000,0.000,0.000,0,7),(367,'2016-11-22',0.000,2,NULL,499.800,499.800,0.000,0.000,0.000,0,7),(368,'2016-11-22',0.000,3,NULL,1930.600,1610.600,30.000,290.000,0.000,0,7),(369,'2016-11-22',0.000,4,NULL,0.000,0.000,0.000,0.000,0.000,0,7),(370,'2016-11-22',0.000,1,NULL,0.000,0.000,0.000,0.000,0.000,0,7),(371,'2016-11-23',0.000,0,NULL,276.300,0.000,0.000,0.000,0.000,0,6),(372,'2016-11-23',0.000,2,NULL,333.120,0.000,0.000,0.000,0.000,0,6),(373,'2016-11-23',0.000,3,NULL,533.300,0.000,0.000,0.000,0.000,0,6),(374,'2016-11-23',0.000,4,NULL,0.000,0.000,0.000,0.000,0.000,0,6),(375,'2016-11-23',0.000,1,NULL,0.000,0.000,0.000,0.000,0.000,0,6),(376,'2016-11-23',0.000,0,NULL,337.300,337.300,0.000,0.000,0.000,0,7),(377,'2016-11-23',0.000,2,NULL,295.200,295.200,0.000,0.000,0.000,0,7),(378,'2016-11-23',0.000,3,NULL,1690.300,1432.300,34.000,224.000,0.000,0,7),(379,'2016-11-23',0.000,4,NULL,0.000,0.000,0.000,0.000,0.000,0,7),(380,'2016-11-23',0.000,1,NULL,0.000,0.000,0.000,0.000,0.000,0,7),(381,'2016-11-24',0.000,0,NULL,348.900,0.000,0.000,0.000,0.000,0,6),(382,'2016-11-24',0.000,2,NULL,234.560,0.000,0.000,0.000,0.000,0,6),(383,'2016-11-24',0.000,3,NULL,664.200,0.000,0.000,0.000,0.000,0,6),(384,'2016-11-24',0.000,4,NULL,0.000,0.000,0.000,0.000,0.000,0,6),(385,'2016-11-24',0.000,1,NULL,0.000,0.000,0.000,0.000,0.000,0,6),(386,'2016-11-24',0.000,0,NULL,0.000,0.000,0.000,0.000,0.000,0,8),(387,'2016-11-24',0.000,2,NULL,0.000,0.000,0.000,0.000,0.000,0,8),(388,'2016-11-24',0.000,3,NULL,0.000,0.000,0.000,0.000,0.000,0,8),(389,'2016-11-24',0.000,4,NULL,0.000,0.000,0.000,0.000,0.000,0,8),(390,'2016-11-24',0.000,1,NULL,0.000,0.000,0.000,0.000,0.000,0,8),(391,'2016-11-24',0.000,0,NULL,260.900,260.900,0.000,0.000,0.000,0,7),(392,'2016-11-24',0.000,2,NULL,356.100,356.100,0.000,0.000,0.000,0,7),(393,'2016-11-24',0.000,3,NULL,1955.100,1644.100,34.000,277.000,0.000,0,7),(394,'2016-11-24',0.000,4,NULL,0.000,0.000,0.000,0.000,0.000,0,7),(395,'2016-11-24',0.000,1,NULL,0.000,0.000,0.000,0.000,0.000,0,7),(396,'2016-11-25',0.000,0,NULL,408.800,408.800,0.000,0.000,0.000,0,7),(397,'2016-11-25',0.000,2,NULL,450.300,450.300,0.000,0.000,0.000,0,7),(398,'2016-11-25',0.000,3,NULL,1492.600,1277.600,21.000,194.000,0.000,0,7),(399,'2016-11-25',0.000,4,NULL,0.000,0.000,0.000,0.000,0.000,0,7),(400,'2016-11-25',0.000,1,NULL,0.000,0.000,0.000,0.000,0.000,0,7),(401,'2016-11-25',0.000,0,NULL,316.900,0.000,0.000,0.000,0.000,0,6),(402,'2016-11-25',0.000,2,NULL,241.300,0.000,0.000,0.000,0.000,0,6),(403,'2016-11-25',0.000,3,NULL,583.300,0.000,0.000,92.000,0.000,0,6),(404,'2016-11-25',0.000,4,NULL,0.000,0.000,0.000,0.000,0.000,0,6),(405,'2016-11-25',0.000,1,NULL,0.000,0.000,0.000,0.000,0.000,0,6),(406,'2016-11-25',0.000,0,NULL,0.000,0.000,0.000,0.000,0.000,0,8),(407,'2016-11-25',0.000,2,NULL,0.000,0.000,0.000,0.000,0.000,0,8),(408,'2016-11-25',0.000,3,NULL,0.000,0.000,0.000,0.000,0.000,0,8),(409,'2016-11-25',0.000,4,NULL,0.000,0.000,0.000,0.000,0.000,0,8),(410,'2016-11-25',0.000,1,NULL,0.000,0.000,0.000,0.000,0.000,0,8),(411,'2016-11-26',0.000,0,NULL,203.300,0.000,0.000,0.000,0.000,0,6),(412,'2016-11-26',0.000,2,NULL,189.800,0.000,0.000,0.000,0.000,0,6),(413,'2016-11-26',0.000,3,NULL,596.300,0.000,0.000,0.000,0.000,0,6),(414,'2016-11-26',0.000,4,NULL,0.000,0.000,0.000,0.000,0.000,0,6),(415,'2016-11-26',0.000,1,NULL,0.000,0.000,0.000,0.000,0.000,0,6),(416,'2016-11-26',0.000,0,NULL,527.400,527.400,0.000,0.000,0.000,0,7),(417,'2016-11-26',0.000,2,NULL,399.100,399.100,0.000,0.000,0.000,0,7),(418,'2016-11-26',0.000,3,NULL,2168.600,1825.600,58.000,285.000,0.000,0,7),(419,'2016-11-26',0.000,4,NULL,0.000,0.000,0.000,0.000,0.000,0,7),(420,'2016-11-26',0.000,1,NULL,0.000,0.000,0.000,0.000,0.000,0,7),(421,'2016-11-27',0.000,0,NULL,528.400,528.400,0.000,0.000,0.000,0,7),(422,'2016-11-27',0.000,2,NULL,267.200,267.200,0.000,0.000,0.000,0,7),(423,'2016-11-27',0.000,3,NULL,2083.100,1735.100,47.000,301.000,0.000,0,7),(424,'2016-11-27',0.000,4,NULL,0.000,0.000,0.000,0.000,0.000,0,7),(425,'2016-11-27',0.000,1,NULL,0.000,0.000,0.000,0.000,0.000,0,7),(426,'2016-11-27',0.000,0,NULL,594.600,0.000,0.000,0.000,0.000,0,6),(427,'2016-11-27',0.000,2,NULL,278.800,0.000,0.000,0.000,0.000,0,6),(428,'2016-11-27',0.000,3,NULL,835.600,645.600,165.000,25.000,0.000,0,6),(429,'2016-11-27',0.000,4,NULL,0.000,0.000,0.000,0.000,0.000,0,6),(430,'2016-11-27',0.000,1,NULL,0.000,0.000,0.000,0.000,0.000,0,6),(431,'2016-11-27',0.000,0,NULL,0.000,0.000,0.000,0.000,0.000,0,8),(432,'2016-11-27',0.000,2,NULL,0.000,0.000,0.000,0.000,0.000,0,8),(433,'2016-11-27',0.000,3,NULL,0.000,0.000,0.000,0.000,0.000,0,8),(434,'2016-11-27',0.000,4,NULL,0.000,0.000,0.000,0.000,0.000,0,8),(435,'2016-11-27',0.000,1,NULL,0.000,0.000,0.000,0.000,0.000,0,8),(436,'2016-11-28',0.000,0,NULL,450.800,450.800,0.000,0.000,0.000,0,7),(437,'2016-11-28',0.000,2,NULL,315.000,315.000,0.000,0.000,0.000,0,7),(438,'2016-11-28',0.000,3,NULL,1410.400,1205.400,20.000,185.000,0.000,0,7),(439,'2016-11-28',0.000,4,NULL,0.000,0.000,0.000,0.000,0.000,0,7),(440,'2016-11-28',0.000,1,NULL,0.000,0.000,0.000,0.000,0.000,0,7),(441,'2016-11-28',0.000,0,NULL,285.500,0.000,0.000,0.000,0.000,0,6),(442,'2016-11-28',0.000,2,NULL,248.800,0.000,0.000,0.000,0.000,0,6),(443,'2016-11-28',0.000,3,NULL,570.000,0.000,0.000,0.000,0.000,0,6),(444,'2016-11-28',0.000,4,NULL,0.000,0.000,0.000,0.000,0.000,0,6),(445,'2016-11-28',0.000,1,NULL,0.000,0.000,0.000,0.000,0.000,0,6),(446,'2016-11-28',0.000,0,NULL,0.000,0.000,0.000,0.000,0.000,0,8),(447,'2016-11-28',0.000,2,NULL,102.200,102.200,0.000,0.000,0.000,0,8),(448,'2016-11-28',0.000,3,NULL,623.000,425.000,198.000,0.000,0.000,0,8),(449,'2016-11-28',0.000,4,NULL,0.000,0.000,0.000,0.000,0.000,0,8),(450,'2016-11-28',0.000,1,NULL,0.000,0.000,0.000,0.000,0.000,0,8),(451,'2016-11-29',0.000,0,NULL,340.900,0.000,0.000,0.000,0.000,0,6),(452,'2016-11-29',0.000,2,NULL,400.160,0.000,0.000,0.000,0.000,0,6),(453,'2016-11-29',0.000,3,NULL,744.000,0.000,0.000,0.000,0.000,0,6),(454,'2016-11-29',0.000,4,NULL,0.000,0.000,0.000,0.000,0.000,0,6),(455,'2016-11-29',0.000,1,NULL,0.000,0.000,0.000,0.000,0.000,0,6),(456,'2016-11-29',0.000,0,NULL,136.430,136.430,0.000,0.000,0.000,0,8),(457,'2016-11-29',0.000,2,NULL,144.070,144.070,0.000,0.000,0.000,0,8),(458,'2016-11-29',0.000,3,NULL,614.260,422.260,175.000,17.000,0.000,0,8),(459,'2016-11-29',0.000,4,NULL,0.000,0.000,0.000,0.000,0.000,0,8),(460,'2016-11-29',0.000,1,NULL,0.000,0.000,0.000,0.000,0.000,0,8),(461,'2016-11-29',0.000,0,NULL,384.600,384.600,0.000,0.000,0.000,0,7),(462,'2016-11-29',0.000,2,NULL,396.800,396.800,0.000,0.000,0.000,0,7),(463,'2016-11-29',0.000,3,NULL,2060.800,1666.800,73.000,321.000,0.000,0,7),(464,'2016-11-29',0.000,4,NULL,0.000,0.000,0.000,0.000,0.000,0,7),(465,'2016-11-29',0.000,1,NULL,0.000,0.000,0.000,0.000,0.000,0,7),(466,'2016-11-30',0.000,0,NULL,531.500,0.000,0.000,0.000,0.000,0,6),(467,'2016-11-30',0.000,2,NULL,123.520,0.000,0.000,0.000,0.000,0,6),(468,'2016-11-30',0.000,3,NULL,488.400,0.000,0.000,0.000,0.000,0,6),(469,'2016-11-30',0.000,4,NULL,0.000,0.000,0.000,0.000,0.000,0,6),(470,'2016-11-30',0.000,1,NULL,0.000,0.000,0.000,0.000,0.000,0,6),(471,'2016-11-30',0.000,0,NULL,685.200,685.200,0.000,0.000,0.000,0,7),(472,'2016-11-30',0.000,2,NULL,311.500,311.500,0.000,0.000,0.000,0,7),(473,'2016-11-30',0.000,3,NULL,1866.400,1510.400,92.000,264.000,0.000,0,7),(474,'2016-11-30',0.000,4,NULL,0.000,0.000,0.000,0.000,0.000,0,7),(475,'2016-11-30',0.000,1,NULL,0.000,0.000,0.000,0.000,0.000,0,7),(476,'2016-12-01',0.000,0,NULL,299.700,0.000,0.000,0.000,0.000,0,6),(477,'2016-12-01',0.000,2,NULL,518.300,0.000,0.000,0.000,0.000,0,6),(478,'2016-12-01',0.000,3,NULL,1020.900,840.900,164.000,16.000,0.000,0,6),(479,'2016-12-01',0.000,4,NULL,0.000,0.000,0.000,0.000,0.000,0,6),(480,'2016-12-01',0.000,1,NULL,0.000,0.000,0.000,0.000,0.000,0,6),(481,'2016-12-01',0.000,0,NULL,297.000,297.000,0.000,0.000,0.000,0,7),(482,'2016-12-01',0.000,2,NULL,303.100,303.100,0.000,0.000,0.000,0,7),(483,'2016-12-01',0.000,3,NULL,1643.100,1406.100,52.000,185.000,0.000,0,7),(484,'2016-12-01',0.000,4,NULL,0.000,0.000,0.000,0.000,0.000,0,7),(485,'2016-12-01',0.000,1,NULL,0.000,0.000,0.000,0.000,0.000,0,7),(486,'2016-12-01',0.000,0,NULL,22.500,22.500,0.000,0.000,0.000,0,8),(487,'2016-12-01',0.000,2,NULL,174.130,174.130,0.000,0.000,0.000,0,8),(488,'2016-12-01',0.000,3,NULL,837.880,837.880,241.000,34.000,0.000,0,8),(489,'2016-12-01',0.000,4,NULL,0.000,0.000,0.000,0.000,0.000,0,8),(490,'2016-12-01',0.000,1,NULL,0.000,0.000,0.000,0.000,0.000,0,8),(491,'2016-12-02',0.000,0,NULL,650.200,0.000,0.000,0.000,0.000,0,6),(492,'2016-12-02',0.000,2,NULL,339.400,0.000,0.000,0.000,0.000,0,6),(493,'2016-12-02',0.000,3,NULL,623.800,0.000,0.000,0.000,0.000,0,6),(494,'2016-12-02',0.000,4,NULL,0.000,0.000,0.000,0.000,0.000,0,6),(495,'2016-12-02',0.000,1,NULL,0.000,0.000,0.000,0.000,0.000,0,6),(496,'2016-12-03',0.000,0,NULL,386.400,0.000,0.000,0.000,0.000,0,6),(497,'2016-12-03',0.000,2,NULL,132.080,0.000,0.000,0.000,0.000,0,6),(498,'2016-12-03',0.000,3,NULL,598.500,0.000,0.000,0.000,0.000,0,6),(499,'2016-12-03',0.000,4,NULL,0.000,0.000,0.000,0.000,0.000,0,6),(500,'2016-12-03',0.000,1,NULL,0.000,0.000,0.000,0.000,0.000,0,6),(501,'2016-12-03',0.000,0,NULL,572.100,1213.400,0.000,0.000,0.000,0,7),(502,'2016-12-03',0.000,2,NULL,303.800,303.800,0.000,0.000,0.000,0,7),(503,'2016-12-03',0.000,3,NULL,1213.000,1213.000,0.000,0.000,0.000,0,7),(504,'2016-12-03',0.000,4,NULL,0.000,0.000,0.000,0.000,0.000,0,7),(505,'2016-12-03',0.000,1,NULL,0.000,0.000,0.000,0.000,0.000,0,7),(506,'2016-12-03',0.000,0,NULL,0.000,0.000,0.000,0.000,0.000,0,8),(507,'2016-12-03',0.000,2,NULL,0.000,0.000,0.000,0.000,0.000,0,8),(508,'2016-12-03',0.000,3,NULL,0.000,0.000,0.000,0.000,0.000,0,8),(509,'2016-12-03',0.000,4,NULL,0.000,0.000,0.000,0.000,0.000,0,8),(510,'2016-12-03',0.000,1,NULL,0.000,0.000,0.000,0.000,0.000,0,8),(511,'2016-12-04',0.000,0,NULL,0.000,0.000,0.000,0.000,0.000,0,8),(512,'2016-12-04',0.000,2,NULL,0.000,0.000,0.000,0.000,0.000,0,8),(513,'2016-12-04',0.000,3,NULL,0.000,0.000,0.000,0.000,0.000,0,8),(514,'2016-12-04',0.000,4,NULL,0.000,0.000,0.000,0.000,0.000,0,8),(515,'2016-12-04',0.000,1,NULL,0.000,0.000,0.000,0.000,0.000,0,8);
/*!40000 ALTER TABLE `wf_incoming_delivery` ENABLE KEYS */;
UNLOCK TABLES;

--
-- Table structure for table `wf_incoming_group`
--

DROP TABLE IF EXISTS `wf_incoming_group`;
/*!40101 SET @saved_cs_client     = @@character_set_client */;
/*!40101 SET character_set_client = utf8 */;
CREATE TABLE `wf_incoming_group` (
  `id` bigint(20) NOT NULL AUTO_INCREMENT,
  `WF_CE` decimal(10,3) DEFAULT NULL,
  `WF_COUNT` decimal(5,0) DEFAULT NULL,
  `WF_DATE` date DEFAULT NULL,
  `WF_DESC` varchar(400) DEFAULT NULL,
  `WF_DJQ` decimal(10,3) DEFAULT NULL,
  `WF_GME` decimal(10,3) DEFAULT NULL,
  `groupType` int(11) DEFAULT NULL,
  `WF_OTHER` decimal(10,3) DEFAULT NULL,
  `WF_SJE` decimal(10,3) DEFAULT NULL,
  `WF_SHOP_ID` bigint(20) NOT NULL,
  PRIMARY KEY (`id`),
  KEY `FK_3oy8l4udljhdqo1o4aoey19it` (`WF_SHOP_ID`),
  CONSTRAINT `FK_3oy8l4udljhdqo1o4aoey19it` FOREIGN KEY (`WF_SHOP_ID`) REFERENCES `wf_shop` (`id`)
) ENGINE=InnoDB AUTO_INCREMENT=310 DEFAULT CHARSET=utf8;
/*!40101 SET character_set_client = @saved_cs_client */;

--
-- Dumping data for table `wf_incoming_group`
--

LOCK TABLES `wf_incoming_group` WRITE;
/*!40000 ALTER TABLE `wf_incoming_group` DISABLE KEYS */;
INSERT INTO `wf_incoming_group` VALUES (4,0.000,0,'2016-10-19',NULL,17.000,0.000,0,0.000,0.000,6),(5,0.000,0,'2016-10-19',NULL,0.000,0.000,1,0.000,0.000,6),(6,0.000,0,'2016-10-19',NULL,0.000,0.000,2,0.000,0.000,6),(7,0.000,0,'2016-10-19',NULL,17.000,0.000,0,0.000,0.000,7),(8,0.000,0,'2016-10-19',NULL,0.000,0.000,1,0.000,0.000,7),(9,0.000,0,'2016-10-19',NULL,0.000,0.000,2,0.000,0.000,7),(10,0.000,0,'2016-10-23',NULL,0.000,0.000,0,0.000,0.000,8),(11,0.000,0,'2016-10-23',NULL,0.000,0.000,1,0.000,0.000,8),(12,0.000,0,'2016-10-23',NULL,0.000,0.000,2,0.000,0.000,8),(13,0.000,0,'2016-10-26',NULL,17.000,0.000,0,0.000,0.000,6),(14,0.000,0,'2016-10-26',NULL,0.000,0.000,1,0.000,0.000,6),(15,0.000,0,'2016-10-26',NULL,0.000,0.000,2,0.000,0.000,6),(16,0.000,0,'2016-10-26',NULL,0.000,0.000,0,0.000,0.000,8),(17,0.000,0,'2016-10-26',NULL,0.000,0.000,1,0.000,0.000,8),(18,0.000,0,'2016-10-26',NULL,0.000,0.000,2,0.000,0.000,8),(19,0.000,0,'2016-10-27',NULL,0.000,0.000,0,0.000,0.000,8),(20,0.000,0,'2016-10-27',NULL,0.000,0.000,1,0.000,0.000,8),(21,0.000,0,'2016-10-27',NULL,0.000,0.000,2,0.000,0.000,8),(22,0.000,0,'2016-10-27',NULL,0.000,0.000,0,0.000,0.000,7),(23,0.000,0,'2016-10-27',NULL,0.000,0.000,1,0.000,0.000,7),(24,0.000,0,'2016-10-27',NULL,0.000,0.000,2,0.000,0.000,7),(25,0.000,0,'2016-10-27',NULL,0.000,0.000,0,0.000,0.000,6),(26,0.000,0,'2016-10-27',NULL,0.000,0.000,1,0.000,0.000,6),(27,0.000,0,'2016-10-27',NULL,0.000,0.000,2,0.000,0.000,6),(28,0.000,0,'2016-10-28',NULL,0.000,0.000,0,0.000,0.000,8),(29,0.000,0,'2016-10-28',NULL,0.000,0.000,1,0.000,0.000,8),(30,0.000,0,'2016-10-28',NULL,0.000,0.000,2,0.000,0.000,8),(31,0.000,0,'2016-10-28',NULL,22.000,0.000,0,0.000,0.000,6),(32,0.000,0,'2016-10-28',NULL,0.000,0.000,1,0.000,0.000,6),(33,0.000,0,'2016-10-28',NULL,0.000,0.000,2,0.000,0.000,6),(34,0.000,0,'2016-10-29',NULL,0.000,0.000,0,0.000,0.000,8),(35,0.000,0,'2016-10-29',NULL,0.000,0.000,1,0.000,0.000,8),(36,0.000,0,'2016-10-29',NULL,0.000,0.000,2,0.000,0.000,8),(37,0.000,0,'2016-10-29',NULL,8.000,0.000,0,0.000,0.000,7),(38,0.000,0,'2016-10-29',NULL,0.000,0.000,1,0.000,0.000,7),(39,0.000,0,'2016-10-29',NULL,0.000,0.000,2,0.000,0.000,7),(40,0.000,0,'2016-10-30',NULL,0.000,0.000,0,0.000,0.000,8),(41,0.000,0,'2016-10-30',NULL,0.000,0.000,1,0.000,0.000,8),(42,0.000,0,'2016-10-30',NULL,0.000,0.000,2,0.000,0.000,8),(43,0.000,0,'2016-10-30',NULL,21.000,0.000,0,0.000,0.000,6),(44,0.000,0,'2016-10-30',NULL,0.000,0.000,1,0.000,0.000,6),(45,0.000,0,'2016-10-30',NULL,0.000,0.000,2,0.000,0.000,6),(46,0.000,0,'2016-10-30',NULL,13.000,0.000,0,0.000,0.000,7),(47,0.000,0,'2016-10-30',NULL,0.000,0.000,1,0.000,0.000,7),(48,0.000,0,'2016-10-30',NULL,0.000,0.000,2,0.000,0.000,7),(49,0.000,0,'2016-10-31',NULL,0.000,0.000,0,0.000,0.000,8),(50,0.000,0,'2016-10-31',NULL,0.000,0.000,1,0.000,0.000,8),(51,0.000,0,'2016-10-31',NULL,0.000,0.000,2,0.000,0.000,8),(52,0.000,0,'2016-10-31',NULL,17.000,0.000,0,0.000,0.000,6),(53,0.000,0,'2016-10-31',NULL,0.000,0.000,1,0.000,0.000,6),(54,0.000,0,'2016-10-31',NULL,0.000,0.000,2,0.000,0.000,6),(55,0.000,0,'2016-10-31',NULL,6.000,0.000,0,0.000,0.000,7),(56,0.000,0,'2016-10-31',NULL,0.000,0.000,1,0.000,0.000,7),(57,0.000,0,'2016-10-31',NULL,0.000,0.000,2,0.000,0.000,7),(58,0.000,0,'2016-11-01',NULL,0.000,0.000,0,0.000,0.000,8),(59,0.000,0,'2016-11-01',NULL,0.000,0.000,1,0.000,0.000,8),(60,0.000,0,'2016-11-01',NULL,0.000,0.000,2,0.000,0.000,8),(61,0.000,0,'2016-11-01',NULL,15.000,0.000,0,0.000,0.000,6),(62,0.000,0,'2016-11-01',NULL,0.000,0.000,1,0.000,0.000,6),(63,0.000,0,'2016-11-01',NULL,0.000,0.000,2,0.000,0.000,6),(64,0.000,0,'2016-11-01',NULL,11.000,0.000,0,0.000,0.000,7),(65,0.000,0,'2016-11-01',NULL,0.000,0.000,1,0.000,0.000,7),(66,0.000,0,'2016-11-01',NULL,0.000,0.000,2,0.000,0.000,7),(67,0.000,0,'2016-11-02',NULL,21.000,0.000,0,0.000,0.000,6),(68,0.000,0,'2016-11-02',NULL,0.000,0.000,1,0.000,0.000,6),(69,0.000,0,'2016-11-02',NULL,0.000,0.000,2,0.000,0.000,6),(70,0.000,0,'2016-11-03',NULL,16.000,0.000,0,0.000,0.000,6),(71,0.000,0,'2016-11-03',NULL,0.000,0.000,1,0.000,0.000,6),(72,0.000,0,'2016-11-03',NULL,0.000,0.000,2,0.000,0.000,6),(73,0.000,0,'2016-11-03',NULL,0.000,0.000,0,0.000,0.000,8),(74,0.000,0,'2016-11-03',NULL,0.000,0.000,1,0.000,0.000,8),(75,0.000,0,'2016-11-03',NULL,0.000,0.000,2,0.000,0.000,8),(76,0.000,0,'2016-11-03',NULL,0.000,0.000,0,0.000,0.000,7),(77,0.000,0,'2016-11-03',NULL,0.000,0.000,1,0.000,0.000,7),(78,0.000,0,'2016-11-03',NULL,0.000,0.000,2,0.000,0.000,7),(79,0.000,0,'2016-11-04',NULL,0.000,0.000,0,0.000,0.000,6),(80,0.000,0,'2016-11-04',NULL,0.000,0.000,1,0.000,0.000,6),(81,0.000,0,'2016-11-04',NULL,0.000,0.000,2,0.000,0.000,6),(82,0.000,0,'2016-11-04',NULL,0.000,0.000,0,0.000,0.000,8),(83,0.000,0,'2016-11-04',NULL,0.000,0.000,1,0.000,0.000,8),(84,0.000,0,'2016-11-04',NULL,0.000,0.000,2,0.000,0.000,8),(85,0.000,0,'2016-11-04',NULL,52.000,0.000,0,0.000,0.000,7),(86,0.000,0,'2016-11-04',NULL,0.000,0.000,1,0.000,0.000,7),(87,0.000,0,'2016-11-04',NULL,0.000,0.000,2,0.000,0.000,7),(88,0.000,0,'2016-11-05',NULL,18.000,0.000,0,0.000,0.000,6),(89,0.000,0,'2016-11-05',NULL,0.000,0.000,1,0.000,0.000,6),(90,0.000,0,'2016-11-05',NULL,0.000,0.000,2,0.000,0.000,6),(91,0.000,0,'2016-11-06',NULL,18.000,0.000,0,0.000,0.000,6),(92,0.000,0,'2016-11-06',NULL,0.000,0.000,1,0.000,0.000,6),(93,0.000,0,'2016-11-06',NULL,0.000,0.000,2,0.000,0.000,6),(94,0.000,0,'2016-11-06',NULL,0.000,0.000,0,0.000,0.000,8),(95,0.000,0,'2016-11-06',NULL,0.000,0.000,1,0.000,0.000,8),(96,0.000,0,'2016-11-06',NULL,0.000,0.000,2,0.000,0.000,8),(97,0.000,0,'2016-11-06',NULL,48.000,0.000,0,0.000,0.000,7),(98,0.000,0,'2016-11-06',NULL,0.000,0.000,1,0.000,0.000,7),(99,0.000,0,'2016-11-06',NULL,0.000,0.000,2,0.000,0.000,7),(100,0.000,0,'2016-11-07',NULL,22.000,0.000,0,0.000,0.000,6),(101,0.000,0,'2016-11-07',NULL,0.000,0.000,1,0.000,0.000,6),(102,0.000,0,'2016-11-07',NULL,0.000,0.000,2,0.000,0.000,6),(103,0.000,0,'2016-11-07',NULL,0.000,0.000,0,0.000,0.000,8),(104,0.000,0,'2016-11-07',NULL,0.000,0.000,1,0.000,0.000,8),(105,0.000,0,'2016-11-07',NULL,0.000,0.000,2,0.000,0.000,8),(106,0.000,0,'2016-11-08',NULL,12.000,0.000,0,0.000,0.000,6),(107,0.000,0,'2016-11-08',NULL,0.000,0.000,1,0.000,0.000,6),(108,0.000,0,'2016-11-08',NULL,0.000,0.000,2,0.000,0.000,6),(109,0.000,0,'2016-11-09',NULL,20.000,0.000,0,0.000,0.000,6),(110,0.000,0,'2016-11-09',NULL,0.000,0.000,1,0.000,0.000,6),(111,0.000,0,'2016-11-09',NULL,0.000,0.000,2,0.000,0.000,6),(112,0.000,0,'2016-11-09',NULL,0.000,0.000,0,0.000,0.000,8),(113,0.000,0,'2016-11-09',NULL,0.000,0.000,1,0.000,0.000,8),(114,0.000,0,'2016-11-09',NULL,0.000,0.000,2,0.000,0.000,8),(115,0.000,0,'2016-11-09',NULL,15.000,0.000,0,0.000,0.000,7),(116,0.000,0,'2016-11-09',NULL,0.000,0.000,1,0.000,0.000,7),(117,0.000,0,'2016-11-09',NULL,0.000,0.000,2,0.000,0.000,7),(118,0.000,0,'2016-11-10',NULL,22.000,0.000,0,0.000,0.000,6),(119,0.000,0,'2016-11-10',NULL,0.000,0.000,1,0.000,0.000,6),(120,0.000,0,'2016-11-10',NULL,0.000,0.000,2,0.000,0.000,6),(121,0.000,0,'2016-11-10',NULL,44.000,0.000,0,0.000,0.000,7),(122,0.000,0,'2016-11-10',NULL,0.000,0.000,1,0.000,0.000,7),(123,0.000,0,'2016-11-10',NULL,0.000,0.000,2,0.000,0.000,7),(124,0.000,0,'2016-11-11',NULL,13.000,0.000,0,0.000,0.000,6),(125,0.000,0,'2016-11-11',NULL,0.000,0.000,1,0.000,0.000,6),(126,0.000,0,'2016-11-11',NULL,0.000,0.000,2,0.000,0.000,6),(127,0.000,0,'2016-11-11',NULL,56.000,0.000,0,0.000,0.000,7),(128,0.000,0,'2016-11-11',NULL,0.000,0.000,1,0.000,0.000,7),(129,0.000,0,'2016-11-11',NULL,0.000,0.000,2,0.000,0.000,7),(130,0.000,0,'2016-11-11',NULL,0.000,0.000,0,0.000,0.000,8),(131,0.000,0,'2016-11-11',NULL,0.000,0.000,1,0.000,0.000,8),(132,0.000,0,'2016-11-11',NULL,0.000,0.000,2,0.000,0.000,8),(133,0.000,0,'2016-11-12',NULL,6.000,0.000,0,0.000,0.000,6),(134,0.000,0,'2016-11-12',NULL,0.000,0.000,1,0.000,0.000,6),(135,0.000,0,'2016-11-12',NULL,0.000,0.000,2,0.000,0.000,6),(136,0.000,0,'2016-11-12',NULL,0.000,0.000,0,0.000,0.000,8),(137,0.000,0,'2016-11-12',NULL,0.000,0.000,1,0.000,0.000,8),(138,0.000,0,'2016-11-12',NULL,0.000,0.000,2,0.000,0.000,8),(139,0.000,0,'2016-11-12',NULL,50.000,0.000,0,0.000,0.000,7),(140,0.000,0,'2016-11-12',NULL,0.000,0.000,1,0.000,0.000,7),(141,0.000,0,'2016-11-12',NULL,0.000,0.000,2,0.000,0.000,7),(142,0.000,0,'2016-11-13',NULL,19.000,0.000,0,0.000,0.000,6),(143,0.000,0,'2016-11-13',NULL,0.000,0.000,1,0.000,0.000,6),(144,0.000,0,'2016-11-13',NULL,0.000,0.000,2,0.000,0.000,6),(145,0.000,0,'2016-11-13',NULL,0.000,0.000,0,0.000,0.000,8),(146,0.000,0,'2016-11-13',NULL,0.000,0.000,1,0.000,0.000,8),(147,0.000,0,'2016-11-13',NULL,0.000,0.000,2,0.000,0.000,8),(148,0.000,0,'2016-11-13',NULL,56.000,0.000,0,0.000,0.000,7),(149,0.000,0,'2016-11-13',NULL,0.000,0.000,1,0.000,0.000,7),(150,0.000,0,'2016-11-13',NULL,0.000,0.000,2,0.000,0.000,7),(151,0.000,0,'2016-11-14',NULL,0.000,0.000,0,0.000,0.000,8),(152,0.000,0,'2016-11-14',NULL,0.000,0.000,1,0.000,0.000,8),(153,0.000,0,'2016-11-14',NULL,0.000,0.000,2,0.000,0.000,8),(154,0.000,0,'2016-11-14',NULL,20.000,0.000,0,0.000,0.000,6),(155,0.000,0,'2016-11-14',NULL,0.000,0.000,1,0.000,0.000,6),(156,0.000,0,'2016-11-14',NULL,0.000,0.000,2,0.000,0.000,6),(157,0.000,0,'2016-11-15',NULL,0.000,0.000,0,0.000,0.000,6),(158,0.000,0,'2016-11-15',NULL,0.000,0.000,1,0.000,0.000,6),(159,0.000,0,'2016-11-15',NULL,0.000,0.000,2,0.000,0.000,6),(160,0.000,0,'2016-11-15',NULL,0.000,0.000,0,0.000,0.000,8),(161,0.000,0,'2016-11-15',NULL,0.000,0.000,1,0.000,0.000,8),(162,0.000,0,'2016-11-15',NULL,0.000,0.000,2,0.000,0.000,8),(163,0.000,0,'2016-11-15',NULL,54.000,0.000,0,0.000,0.000,7),(164,0.000,0,'2016-11-15',NULL,0.000,0.000,1,0.000,0.000,7),(165,0.000,0,'2016-11-15',NULL,0.000,0.000,2,0.000,0.000,7),(166,0.000,0,'2016-11-16',NULL,0.000,0.000,0,0.000,0.000,8),(167,0.000,0,'2016-11-16',NULL,0.000,0.000,1,0.000,0.000,8),(168,0.000,0,'2016-11-16',NULL,0.000,0.000,2,0.000,0.000,8),(169,0.000,0,'2016-11-16',NULL,19.000,0.000,0,0.000,0.000,6),(170,0.000,0,'2016-11-16',NULL,0.000,0.000,1,0.000,0.000,6),(171,0.000,0,'2016-11-16',NULL,0.000,0.000,2,0.000,0.000,6),(172,0.000,0,'2016-11-16',NULL,54.000,0.000,0,0.000,0.000,7),(173,0.000,0,'2016-11-16',NULL,0.000,0.000,1,0.000,0.000,7),(174,0.000,0,'2016-11-16',NULL,0.000,0.000,2,0.000,0.000,7),(175,0.000,0,'2016-11-17',NULL,19.000,0.000,0,0.000,0.000,6),(176,0.000,0,'2016-11-17',NULL,0.000,0.000,1,0.000,0.000,6),(177,0.000,0,'2016-11-17',NULL,0.000,0.000,2,0.000,0.000,6),(178,0.000,0,'2016-11-17',NULL,46.000,0.000,0,0.000,0.000,7),(179,0.000,0,'2016-11-17',NULL,0.000,0.000,1,0.000,0.000,7),(180,0.000,0,'2016-11-17',NULL,0.000,0.000,2,0.000,0.000,7),(181,0.000,0,'2016-11-18',NULL,67.000,0.000,0,0.000,0.000,7),(182,0.000,0,'2016-11-18',NULL,0.000,0.000,1,0.000,0.000,7),(183,0.000,0,'2016-11-18',NULL,0.000,0.000,2,0.000,0.000,7),(184,0.000,0,'2016-11-18',NULL,18.000,0.000,0,0.000,0.000,6),(185,0.000,0,'2016-11-18',NULL,0.000,0.000,1,0.000,0.000,6),(186,0.000,0,'2016-11-18',NULL,0.000,0.000,2,0.000,0.000,6),(187,0.000,0,'2016-11-18',NULL,0.000,0.000,0,0.000,0.000,8),(188,0.000,0,'2016-11-18',NULL,0.000,0.000,1,0.000,0.000,8),(189,0.000,0,'2016-11-18',NULL,0.000,0.000,2,0.000,0.000,8),(190,0.000,0,'2016-11-19',NULL,18.000,0.000,0,0.000,0.000,6),(191,0.000,0,'2016-11-19',NULL,0.000,0.000,1,0.000,0.000,6),(192,0.000,0,'2016-11-19',NULL,0.000,0.000,2,0.000,0.000,6),(193,0.000,0,'2016-11-19',NULL,0.000,0.000,0,0.000,0.000,8),(194,0.000,0,'2016-11-19',NULL,0.000,0.000,1,0.000,0.000,8),(195,0.000,0,'2016-11-19',NULL,0.000,0.000,2,0.000,0.000,8),(196,0.000,0,'2016-11-19',NULL,57.000,0.000,0,0.000,0.000,7),(197,0.000,0,'2016-11-19',NULL,0.000,0.000,1,0.000,0.000,7),(198,0.000,0,'2016-11-19',NULL,0.000,0.000,2,0.000,0.000,7),(199,0.000,0,'2016-11-20',NULL,0.000,0.000,0,0.000,0.000,6),(200,0.000,0,'2016-11-20',NULL,0.000,0.000,1,0.000,0.000,6),(201,0.000,0,'2016-11-20',NULL,0.000,0.000,2,0.000,0.000,6),(202,0.000,0,'2016-11-20',NULL,0.000,0.000,0,0.000,0.000,8),(203,0.000,0,'2016-11-20',NULL,0.000,0.000,1,0.000,0.000,8),(204,0.000,0,'2016-11-20',NULL,0.000,0.000,2,0.000,0.000,8),(205,0.000,0,'2016-11-20',NULL,28.000,0.000,0,0.000,0.000,7),(206,0.000,0,'2016-11-20',NULL,0.000,0.000,1,0.000,0.000,7),(207,0.000,0,'2016-11-20',NULL,0.000,0.000,2,0.000,0.000,7),(208,0.000,0,'2016-11-21',NULL,11.000,0.000,0,0.000,0.000,6),(209,0.000,0,'2016-11-21',NULL,0.000,0.000,1,0.000,0.000,6),(210,0.000,0,'2016-11-21',NULL,0.000,0.000,2,0.000,0.000,6),(211,0.000,0,'2016-11-21',NULL,0.000,0.000,0,0.000,0.000,8),(212,0.000,0,'2016-11-21',NULL,0.000,0.000,1,0.000,0.000,8),(213,0.000,0,'2016-11-21',NULL,0.000,0.000,2,0.000,0.000,8),(214,0.000,0,'2016-11-21',NULL,20.000,0.000,0,0.000,0.000,7),(215,0.000,0,'2016-11-21',NULL,0.000,0.000,1,0.000,0.000,7),(216,0.000,0,'2016-11-21',NULL,0.000,0.000,2,0.000,0.000,7),(217,0.000,0,'2016-11-22',NULL,28.000,0.000,0,0.000,0.000,6),(218,0.000,0,'2016-11-22',NULL,0.000,0.000,1,0.000,0.000,6),(219,0.000,0,'2016-11-22',NULL,0.000,0.000,2,0.000,0.000,6),(220,0.000,0,'2016-11-22',NULL,14.000,0.000,0,0.000,0.000,7),(221,0.000,0,'2016-11-22',NULL,0.000,0.000,1,0.000,0.000,7),(222,0.000,0,'2016-11-22',NULL,0.000,0.000,2,0.000,0.000,7),(223,0.000,0,'2016-11-23',NULL,15.000,0.000,0,0.000,0.000,6),(224,0.000,0,'2016-11-23',NULL,0.000,0.000,1,0.000,0.000,6),(225,0.000,0,'2016-11-23',NULL,0.000,0.000,2,0.000,0.000,6),(226,0.000,0,'2016-11-23',NULL,47.000,0.000,0,0.000,0.000,7),(227,0.000,0,'2016-11-23',NULL,0.000,0.000,1,0.000,0.000,7),(228,0.000,0,'2016-11-23',NULL,0.000,0.000,2,0.000,0.000,7),(229,0.000,0,'2016-11-24',NULL,18.000,0.000,0,0.000,0.000,6),(230,0.000,0,'2016-11-24',NULL,0.000,0.000,1,0.000,0.000,6),(231,0.000,0,'2016-11-24',NULL,0.000,0.000,2,0.000,0.000,6),(232,0.000,0,'2016-11-24',NULL,0.000,0.000,0,0.000,0.000,8),(233,0.000,0,'2016-11-24',NULL,0.000,0.000,1,0.000,0.000,8),(234,0.000,0,'2016-11-24',NULL,0.000,0.000,2,0.000,0.000,8),(235,0.000,0,'2016-11-24',NULL,56.000,0.000,0,0.000,0.000,7),(236,0.000,0,'2016-11-24',NULL,0.000,0.000,1,0.000,0.000,7),(237,0.000,0,'2016-11-24',NULL,0.000,0.000,2,0.000,0.000,7),(238,0.000,0,'2016-11-25',NULL,43.000,0.000,0,0.000,0.000,7),(239,0.000,0,'2016-11-25',NULL,0.000,0.000,1,0.000,0.000,7),(240,0.000,0,'2016-11-25',NULL,0.000,0.000,2,0.000,0.000,7),(241,0.000,0,'2016-11-25',NULL,18.000,0.000,0,0.000,0.000,6),(242,0.000,0,'2016-11-25',NULL,0.000,0.000,1,0.000,0.000,6),(243,0.000,0,'2016-11-25',NULL,0.000,0.000,2,0.000,0.000,6),(244,0.000,0,'2016-11-25',NULL,0.000,0.000,0,0.000,0.000,8),(245,0.000,0,'2016-11-25',NULL,0.000,0.000,1,0.000,0.000,8),(246,0.000,0,'2016-11-25',NULL,0.000,0.000,2,0.000,0.000,8),(247,0.000,0,'2016-11-26',NULL,18.000,0.000,0,0.000,0.000,6),(248,0.000,0,'2016-11-26',NULL,0.000,0.000,1,0.000,0.000,6),(249,0.000,0,'2016-11-26',NULL,0.000,0.000,2,0.000,0.000,6),(250,0.000,0,'2016-11-26',NULL,61.000,0.000,0,0.000,0.000,7),(251,0.000,0,'2016-11-26',NULL,0.000,0.000,1,0.000,0.000,7),(252,0.000,0,'2016-11-26',NULL,0.000,0.000,2,0.000,0.000,7),(253,0.000,0,'2016-11-27',NULL,53.000,0.000,0,0.000,0.000,7),(254,0.000,0,'2016-11-27',NULL,0.000,0.000,1,0.000,0.000,7),(255,0.000,0,'2016-11-27',NULL,0.000,0.000,2,0.000,0.000,7),(256,0.000,0,'2016-11-27',NULL,24.000,0.000,0,0.000,0.000,6),(257,0.000,0,'2016-11-27',NULL,0.000,0.000,1,0.000,0.000,6),(258,0.000,0,'2016-11-27',NULL,0.000,0.000,2,0.000,0.000,6),(259,0.000,0,'2016-11-27',NULL,0.000,0.000,0,0.000,0.000,8),(260,0.000,0,'2016-11-27',NULL,0.000,0.000,1,0.000,0.000,8),(261,0.000,0,'2016-11-27',NULL,0.000,0.000,2,0.000,0.000,8),(262,0.000,0,'2016-11-28',NULL,43.000,0.000,0,0.000,0.000,7),(263,0.000,0,'2016-11-28',NULL,0.000,0.000,1,0.000,0.000,7),(264,0.000,0,'2016-11-28',NULL,0.000,0.000,2,0.000,0.000,7),(265,0.000,0,'2016-11-28',NULL,18.000,0.000,0,0.000,0.000,6),(266,0.000,0,'2016-11-28',NULL,0.000,0.000,1,0.000,0.000,6),(267,0.000,0,'2016-11-28',NULL,0.000,0.000,2,0.000,0.000,6),(268,0.000,0,'2016-11-28',NULL,17.000,0.000,0,0.000,0.000,8),(269,0.000,0,'2016-11-28',NULL,0.000,0.000,1,0.000,0.000,8),(270,0.000,0,'2016-11-28',NULL,0.000,0.000,2,0.000,0.000,8),(271,0.000,0,'2016-11-29',NULL,21.000,0.000,0,0.000,0.000,6),(272,0.000,0,'2016-11-29',NULL,0.000,0.000,1,0.000,0.000,6),(273,0.000,0,'2016-11-29',NULL,0.000,0.000,2,0.000,0.000,6),(274,0.000,0,'2016-11-29',NULL,16.000,0.000,0,0.000,0.000,8),(275,0.000,0,'2016-11-29',NULL,0.000,0.000,1,0.000,0.000,8),(276,0.000,0,'2016-11-29',NULL,0.000,0.000,2,0.000,0.000,8),(277,0.000,0,'2016-11-29',NULL,56.000,0.000,0,0.000,0.000,7),(278,0.000,0,'2016-11-29',NULL,0.000,0.000,1,0.000,0.000,7),(279,0.000,0,'2016-11-29',NULL,0.000,0.000,2,0.000,0.000,7),(280,0.000,0,'2016-11-30',NULL,16.000,0.000,0,0.000,0.000,6),(281,0.000,0,'2016-11-30',NULL,0.000,0.000,1,0.000,0.000,6),(282,0.000,0,'2016-11-30',NULL,0.000,0.000,2,0.000,0.000,6),(283,0.000,0,'2016-11-30',NULL,48.000,0.000,0,0.000,0.000,7),(284,0.000,0,'2016-11-30',NULL,0.000,0.000,1,0.000,0.000,7),(285,0.000,0,'2016-11-30',NULL,0.000,0.000,2,0.000,0.000,7),(286,0.000,0,'2016-12-01',NULL,31.000,0.000,0,0.000,0.000,6),(287,0.000,0,'2016-12-01',NULL,0.000,0.000,1,0.000,0.000,6),(288,0.000,0,'2016-12-01',NULL,0.000,0.000,2,0.000,0.000,6),(289,0.000,0,'2016-12-01',NULL,51.000,0.000,0,0.000,0.000,7),(290,0.000,0,'2016-12-01',NULL,0.000,0.000,1,0.000,0.000,7),(291,0.000,0,'2016-12-01',NULL,0.000,0.000,2,0.000,0.000,7),(292,0.000,0,'2016-12-01',NULL,22.000,0.000,0,0.000,0.000,8),(293,0.000,0,'2016-12-01',NULL,0.000,0.000,1,0.000,0.000,8),(294,0.000,0,'2016-12-01',NULL,0.000,0.000,2,0.000,0.000,8),(295,0.000,0,'2016-12-02',NULL,19.000,0.000,0,0.000,0.000,6),(296,0.000,0,'2016-12-02',NULL,0.000,0.000,1,0.000,0.000,6),(297,0.000,0,'2016-12-02',NULL,0.000,0.000,2,0.000,0.000,6),(298,0.000,0,'2016-12-03',NULL,14.000,0.000,0,0.000,0.000,6),(299,0.000,0,'2016-12-03',NULL,0.000,0.000,1,0.000,0.000,6),(300,0.000,0,'2016-12-03',NULL,0.000,0.000,2,0.000,0.000,6),(301,0.000,0,'2016-12-03',NULL,53.000,0.000,0,0.000,0.000,7),(302,0.000,0,'2016-12-03',NULL,0.000,0.000,1,0.000,0.000,7),(303,0.000,0,'2016-12-03',NULL,0.000,0.000,2,0.000,0.000,7),(304,0.000,0,'2016-12-03',NULL,0.000,0.000,0,0.000,0.000,8),(305,0.000,0,'2016-12-03',NULL,0.000,0.000,1,0.000,0.000,8),(306,0.000,0,'2016-12-03',NULL,0.000,0.000,2,0.000,0.000,8),(307,0.000,0,'2016-12-04',NULL,0.000,0.000,0,0.000,0.000,8),(308,0.000,0,'2016-12-04',NULL,0.000,0.000,1,0.000,0.000,8),(309,0.000,0,'2016-12-04',NULL,0.000,0.000,2,0.000,0.000,8);
/*!40000 ALTER TABLE `wf_incoming_group` ENABLE KEYS */;
UNLOCK TABLES;

--
-- Table structure for table `wf_inernal_deliver_record_goods`
--

DROP TABLE IF EXISTS `wf_inernal_deliver_record_goods`;
/*!40101 SET @saved_cs_client     = @@character_set_client */;
/*!40101 SET character_set_client = utf8 */;
CREATE TABLE `wf_inernal_deliver_record_goods` (
  `id` bigint(20) NOT NULL AUTO_INCREMENT,
  `WF_BRAND_NAME` varchar(500) DEFAULT NULL,
  `WF_DE_COUNT` decimal(10,2) DEFAULT '0.00',
  `WF_DE_INV_COUNT` decimal(10,2) DEFAULT '0.00',
  `WF_INVENTORY_ID` decimal(10,0) DEFAULT '0',
  `WF_INVEN_PRICE` decimal(10,2) DEFAULT '0.00',
  `WF_DE_PRICE` decimal(10,2) DEFAULT '0.00',
  `WF_VENDOR_NAME` varchar(500) DEFAULT NULL,
  `WF_GOOD_ID` bigint(20) NOT NULL,
  `WF_REC_ID` bigint(20) NOT NULL,
  PRIMARY KEY (`id`),
  KEY `FK_l4tldmpur9jyltwk0y31wbiva` (`WF_GOOD_ID`),
  KEY `FK_1x8nsalicb5wb7agqxrlk06q3` (`WF_REC_ID`),
  CONSTRAINT `FK_1x8nsalicb5wb7agqxrlk06q3` FOREIGN KEY (`WF_REC_ID`) REFERENCES `wf_internal_delivery_record` (`id`),
  CONSTRAINT `FK_l4tldmpur9jyltwk0y31wbiva` FOREIGN KEY (`WF_GOOD_ID`) REFERENCES `wf_goods` (`id`)
) ENGINE=InnoDB DEFAULT CHARSET=utf8;
/*!40101 SET character_set_client = @saved_cs_client */;

--
-- Dumping data for table `wf_inernal_deliver_record_goods`
--

LOCK TABLES `wf_inernal_deliver_record_goods` WRITE;
/*!40000 ALTER TABLE `wf_inernal_deliver_record_goods` DISABLE KEYS */;
/*!40000 ALTER TABLE `wf_inernal_deliver_record_goods` ENABLE KEYS */;
UNLOCK TABLES;

--
-- Table structure for table `wf_internal_delivery_record`
--

DROP TABLE IF EXISTS `wf_internal_delivery_record`;
/*!40101 SET @saved_cs_client     = @@character_set_client */;
/*!40101 SET character_set_client = utf8 */;
CREATE TABLE `wf_internal_delivery_record` (
  `id` bigint(20) NOT NULL AUTO_INCREMENT,
  `WF_OPT_TIMESTAMP` timestamp NOT NULL DEFAULT CURRENT_TIMESTAMP ON UPDATE CURRENT_TIMESTAMP,
  `WF_PARENT_REC_ID` bigint(20) DEFAULT NULL,
  PRIMARY KEY (`id`)
) ENGINE=InnoDB AUTO_INCREMENT=2 DEFAULT CHARSET=utf8;
/*!40101 SET character_set_client = @saved_cs_client */;

--
-- Dumping data for table `wf_internal_delivery_record`
--

LOCK TABLES `wf_internal_delivery_record` WRITE;
/*!40000 ALTER TABLE `wf_internal_delivery_record` DISABLE KEYS */;
INSERT INTO `wf_internal_delivery_record` VALUES (1,'2016-11-20 02:50:39',0);
/*!40000 ALTER TABLE `wf_internal_delivery_record` ENABLE KEYS */;
UNLOCK TABLES;

--
-- Table structure for table `wf_inventory_goods`
--

DROP TABLE IF EXISTS `wf_inventory_goods`;
/*!40101 SET @saved_cs_client     = @@character_set_client */;
/*!40101 SET character_set_client = utf8 */;
CREATE TABLE `wf_inventory_goods` (
  `id` bigint(20) NOT NULL AUTO_INCREMENT,
  `WF_BRAND_ID` bigint(20) DEFAULT NULL,
  `WF_BRAND_NAME` varchar(500) DEFAULT NULL,
  `WF_UNIT_COUNT` decimal(10,2) DEFAULT '0.00',
  `WF_PRICE` decimal(10,2) DEFAULT '0.00',
  `WF_RATE` decimal(3,0) DEFAULT '0',
  `WF_RATE1` decimal(3,0) DEFAULT '0',
  `WF_RATE2` decimal(3,0) DEFAULT '0',
  `WF_UNIT_REM_COUNT` decimal(10,2) DEFAULT '0.00',
  `WF_VENDOR_ID` bigint(20) DEFAULT NULL,
  `WF_VENDOR_NAME` varchar(500) DEFAULT NULL,
  `WF_GOOD_ID` bigint(20) NOT NULL,
  `WF_REC_ID` bigint(20) NOT NULL,
  PRIMARY KEY (`id`),
  KEY `FK_f5pxreeaxtp3glwk54fpd8a7i` (`WF_GOOD_ID`),
  KEY `FK_4gybnq0edtxl8vnwe5kk3pr83` (`WF_REC_ID`),
  CONSTRAINT `FK_4gybnq0edtxl8vnwe5kk3pr83` FOREIGN KEY (`WF_REC_ID`) REFERENCES `wf_inventory_record` (`id`),
  CONSTRAINT `FK_f5pxreeaxtp3glwk54fpd8a7i` FOREIGN KEY (`WF_GOOD_ID`) REFERENCES `wf_goods` (`id`)
) ENGINE=InnoDB AUTO_INCREMENT=6 DEFAULT CHARSET=utf8;
/*!40101 SET character_set_client = @saved_cs_client */;

--
-- Dumping data for table `wf_inventory_goods`
--

LOCK TABLES `wf_inventory_goods` WRITE;
/*!40000 ALTER TABLE `wf_inventory_goods` DISABLE KEYS */;
INSERT INTO `wf_inventory_goods` VALUES (1,1,'自产',10.00,22.00,10,50,0,9.00,1,'自产',193,4),(2,2,'升隆',30.00,23.00,10,10,0,17.00,2,'海宝',298,5),(3,2,'升隆',40.00,30.00,10,10,0,40.00,2,'海宝',298,6),(4,NULL,NULL,1.20,1.50,0,0,0,0.00,NULL,NULL,235,7),(5,NULL,NULL,1.30,2.60,0,0,0,0.00,NULL,NULL,234,7);
/*!40000 ALTER TABLE `wf_inventory_goods` ENABLE KEYS */;
UNLOCK TABLES;

--
-- Table structure for table `wf_inventory_record`
--

DROP TABLE IF EXISTS `wf_inventory_record`;
/*!40101 SET @saved_cs_client     = @@character_set_client */;
/*!40101 SET character_set_client = utf8 */;
CREATE TABLE `wf_inventory_record` (
  `id` bigint(20) NOT NULL AUTO_INCREMENT,
  `WF_OPT_TIMESTAMP` timestamp NOT NULL DEFAULT CURRENT_TIMESTAMP ON UPDATE CURRENT_TIMESTAMP,
  `it` int(11) DEFAULT NULL,
  `WF_OPER_ID` bigint(20) DEFAULT NULL,
  `requestInventoryId` bigint(20) NOT NULL,
  PRIMARY KEY (`id`),
  KEY `FK_d4pt6cg7erk02t0nnpq1fvm74` (`WF_OPER_ID`),
  CONSTRAINT `FK_d4pt6cg7erk02t0nnpq1fvm74` FOREIGN KEY (`WF_OPER_ID`) REFERENCES `wf_user` (`id`)
) ENGINE=InnoDB AUTO_INCREMENT=8 DEFAULT CHARSET=utf8;
/*!40101 SET character_set_client = @saved_cs_client */;

--
-- Dumping data for table `wf_inventory_record`
--

LOCK TABLES `wf_inventory_record` WRITE;
/*!40000 ALTER TABLE `wf_inventory_record` DISABLE KEYS */;
INSERT INTO `wf_inventory_record` VALUES (4,'2016-11-20 02:50:39',0,NULL,0),(5,'2016-11-20 03:15:11',0,NULL,0),(6,'2016-11-20 03:21:31',0,NULL,0),(7,'2016-11-20 04:13:54',0,10,73);
/*!40000 ALTER TABLE `wf_inventory_record` ENABLE KEYS */;
UNLOCK TABLES;

--
-- Table structure for table `wf_inventory_request_goods`
--

DROP TABLE IF EXISTS `wf_inventory_request_goods`;
/*!40101 SET @saved_cs_client     = @@character_set_client */;
/*!40101 SET character_set_client = utf8 */;
CREATE TABLE `wf_inventory_request_goods` (
  `id` bigint(20) NOT NULL AUTO_INCREMENT,
  `WF_UNIT_COUNT` decimal(10,2) DEFAULT '0.00',
  `WF_GOOD_ID` bigint(20) NOT NULL,
  `WF_REC_ID` bigint(20) NOT NULL,
  PRIMARY KEY (`id`),
  KEY `FK_63u4ucg6rcskjnbe2d22blphy` (`WF_GOOD_ID`),
  KEY `FK_61rtig40ttrubni2ay639skb5` (`WF_REC_ID`),
  CONSTRAINT `FK_61rtig40ttrubni2ay639skb5` FOREIGN KEY (`WF_REC_ID`) REFERENCES `wf_inventory_request_record` (`id`),
  CONSTRAINT `FK_63u4ucg6rcskjnbe2d22blphy` FOREIGN KEY (`WF_GOOD_ID`) REFERENCES `wf_goods` (`id`)
) ENGINE=InnoDB AUTO_INCREMENT=2153 DEFAULT CHARSET=utf8;
/*!40101 SET character_set_client = @saved_cs_client */;

--
-- Dumping data for table `wf_inventory_request_goods`
--

LOCK TABLES `wf_inventory_request_goods` WRITE;
/*!40000 ALTER TABLE `wf_inventory_request_goods` DISABLE KEYS */;
INSERT INTO `wf_inventory_request_goods` VALUES (50,7.00,244,4),(51,1.00,202,4),(52,1.00,211,4),(53,5.00,234,4),(54,2.00,235,4),(55,2.00,241,4),(56,2.00,289,4),(57,5.00,264,4),(58,5.00,288,4),(59,2.00,236,4),(60,1.00,239,4),(61,1.00,263,4),(62,6.00,248,4),(63,3.00,247,4),(64,2.00,262,4),(65,8.00,245,4),(66,2.00,249,4),(67,5.00,274,4),(68,1.00,291,4),(69,2.00,242,4),(70,2.00,178,4),(71,5.00,331,4),(72,5.00,250,4),(73,10.00,246,4),(201,4.00,235,9),(202,5.00,288,9),(203,1.00,218,9),(204,4.00,250,9),(205,1.00,222,9),(206,2.00,328,9),(207,1.00,204,9),(208,10.00,248,9),(209,2.00,191,9),(210,4.00,252,9),(211,9.00,244,9),(212,11.00,245,9),(213,5.00,234,9),(214,3.00,236,9),(215,2.00,241,9),(216,1.00,224,9),(217,4.00,262,9),(218,3.00,333,9),(219,10.00,185,9),(220,2.00,263,9),(221,3.00,249,9),(222,5.00,264,9),(223,11.00,246,9),(224,3.00,247,9),(225,1.00,183,9),(226,4.00,202,9),(227,3.00,334,9),(228,1.00,274,9),(229,1.00,228,9),(230,1.00,239,9),(231,5.00,335,9),(232,1.00,219,9),(280,2.00,235,11),(281,1.00,296,11),(282,2.00,288,11),(283,1.00,206,11),(284,1.00,305,11),(285,1.00,318,11),(286,5.00,248,11),(287,2.00,176,11),(288,7.00,245,11),(289,2.00,236,11),(290,2.00,262,11),(291,2.00,333,11),(292,2.00,263,11),(293,2.00,249,11),(294,1.00,298,11),(295,1.00,271,11),(296,8.00,246,11),(297,2.00,247,11),(298,1.00,261,11),(299,1.00,326,11),(300,10.00,332,11),(301,1.00,202,11),(302,1.00,189,11),(303,1.00,239,11),(304,2.00,331,11),(305,1.00,209,11),(306,1.00,301,11),(307,1.00,292,11),(404,3.00,333,15),(405,1.00,305,15),(406,1.00,289,15),(407,2.00,262,15),(408,1.00,208,15),(409,7.00,245,15),(410,1.00,201,15),(411,1.00,297,15),(412,1.00,206,15),(413,1.00,239,15),(414,2.00,235,15),(415,2.00,241,15),(416,4.00,251,15),(417,1.00,224,15),(418,5.00,234,15),(419,2.00,263,15),(420,1.00,290,15),(421,5.00,244,15),(422,4.00,250,15),(423,1.00,280,15),(424,1.00,255,15),(425,8.00,246,15),(426,1.00,178,15),(427,1.00,205,15),(428,1.00,328,15),(429,1.00,296,15),(430,1.00,183,15),(431,6.00,248,15),(432,2.00,288,15),(433,2.00,236,15),(434,1.00,203,15),(435,2.00,249,15),(520,2.00,213,19),(521,4.00,262,19),(522,1.00,348,19),(523,4.00,247,19),(524,11.00,245,19),(525,1.00,181,19),(526,4.00,264,19),(527,2.00,281,19),(528,2.00,235,19),(529,2.00,239,19),(530,2.00,241,19),(531,6.00,234,19),(532,2.00,263,19),(533,9.00,244,19),(534,1.00,176,19),(535,4.00,250,19),(536,1.00,332,19),(537,1.00,200,19),(538,1.00,240,19),(539,11.00,246,19),(540,1.00,192,19),(541,4.00,252,19),(542,1.00,196,19),(543,10.00,248,19),(544,1.00,277,19),(545,3.00,236,19),(546,4.00,249,19),(547,1.00,197,19),(575,4.00,333,21),(576,2.00,262,21),(577,2.00,202,21),(578,2.00,253,21),(579,5.00,245,21),(580,2.00,264,21),(581,1.00,297,21),(582,1.00,281,21),(583,1.00,198,21),(584,2.00,235,21),(585,1.00,292,21),(586,2.00,241,21),(587,2.00,251,21),(588,3.00,234,21),(589,1.00,263,21),(590,1.00,298,21),(591,7.00,244,21),(592,5.00,250,21),(593,1.00,332,21),(594,1.00,335,21),(595,7.00,246,21),(596,1.00,307,21),(597,1.00,186,21),(598,3.00,248,21),(599,3.00,236,21),(600,1.00,203,21),(601,4.00,249,21),(631,1.00,239,23),(632,1.00,318,23),(633,1.00,202,23),(634,3.00,234,23),(635,1.00,316,23),(636,1.00,308,23),(637,1.00,233,23),(638,2.00,250,23),(639,5.00,262,23),(640,1.00,280,23),(641,2.00,251,23),(642,5.00,252,23),(643,1.00,295,23),(644,5.00,248,23),(645,6.00,246,23),(646,2.00,241,23),(647,2.00,263,23),(648,3.00,244,23),(649,1.00,328,23),(650,2.00,326,23),(651,1.00,240,23),(652,2.00,261,23),(653,1.00,327,23),(654,1.00,237,23),(655,1.00,249,23),(656,1.00,307,23),(657,1.00,301,23),(658,4.00,333,23),(659,3.00,235,23),(660,4.00,264,23),(684,1.00,239,25),(685,100.00,248,25),(686,1.00,224,25),(687,11.00,246,25),(688,10.00,241,25),(689,1.00,243,25),(690,5.00,288,25),(691,2.00,263,25),(692,16.00,244,25),(693,2.00,253,25),(694,6.00,234,25),(695,3.00,236,25),(696,2.00,199,25),(697,4.00,250,25),(698,5.00,332,25),(699,2.00,197,25),(700,4.00,235,25),(701,11.00,245,25),(702,2.00,296,25),(703,4.00,252,25),(704,5.00,264,25),(705,2.00,305,25),(706,4.00,247,25),(707,1.00,213,26),(708,1.00,302,26),(709,2.00,178,26),(710,4.00,234,26),(711,1.00,233,26),(712,3.00,250,26),(713,1.00,255,26),(714,1.00,292,26),(715,2.00,262,26),(716,1.00,310,26),(717,1.00,289,26),(718,1.00,198,26),(719,4.00,251,26),(720,1.00,203,26),(721,4.00,248,26),(722,1.00,269,26),(723,1.00,196,26),(724,1.00,297,26),(725,2.00,186,26),(726,10.00,246,26),(727,1.00,241,26),(728,1.00,205,26),(729,1.00,263,26),(730,7.00,244,26),(731,1.00,240,26),(732,2.00,236,26),(733,1.00,199,26),(734,4.00,249,26),(735,3.00,333,26),(736,2.00,235,26),(737,4.00,264,26),(738,6.00,239,27),(739,10.00,242,27),(740,1.00,299,27),(741,1.00,302,27),(742,5.00,202,27),(743,5.00,234,27),(744,1.00,316,27),(745,1.00,325,27),(746,1.00,193,27),(747,1.00,298,27),(748,10.00,212,27),(749,3.00,250,27),(750,2.00,189,27),(751,1.00,310,27),(752,2.00,331,27),(753,1.00,309,27),(754,5.00,251,27),(755,1.00,295,27),(756,5.00,252,27),(757,3.00,247,27),(758,7.00,248,27),(759,1.00,297,27),(760,10.00,246,27),(761,8.00,243,27),(762,2.00,263,27),(763,8.00,244,27),(764,1.00,311,27),(765,1.00,208,27),(766,2.00,261,27),(767,3.00,236,27),(768,1.00,327,27),(769,1.00,303,27),(770,3.00,249,27),(771,2.00,235,27),(772,10.00,245,27),(773,5.00,264,27),(774,4.00,239,28),(775,2.00,242,28),(776,1.00,204,28),(777,1.00,271,28),(778,1.00,202,28),(779,9.00,234,28),(780,1.00,316,28),(781,7.00,250,28),(782,1.00,292,28),(783,2.00,197,28),(784,1.00,280,28),(785,7.00,251,28),(786,2.00,247,28),(787,5.00,248,28),(788,2.00,196,28),(789,1.00,206,28),(790,10.00,246,28),(791,1.00,334,28),(792,3.00,241,28),(793,1.00,263,28),(794,1.00,218,28),(795,6.00,244,28),(796,2.00,253,28),(797,1.00,240,28),(798,2.00,291,28),(799,1.00,282,28),(800,1.00,209,28),(801,6.00,236,28),(802,1.00,332,28),(803,2.00,249,28),(804,6.00,235,28),(805,7.00,245,28),(806,4.00,264,28),(807,1.00,277,28),(808,1.00,198,29),(809,3.00,289,29),(810,6.00,288,29),(811,4.00,249,29),(812,10.00,239,29),(813,1.00,182,29),(814,14.00,264,29),(815,4.00,262,29),(816,20.00,245,29),(817,6.00,251,29),(818,4.00,333,29),(819,2.00,315,29),(820,4.00,277,29),(821,3.00,308,29),(822,10.00,252,29),(823,4.00,263,29),(824,16.00,244,29),(825,2.00,296,29),(826,8.00,250,29),(827,2.00,186,29),(828,4.00,235,29),(829,17.00,210,29),(830,1.00,203,29),(831,20.00,248,29),(832,1.00,197,29),(833,2.00,317,29),(834,20.00,246,29),(835,10.00,234,29),(836,18.00,332,29),(837,1.00,205,29),(838,4.00,247,29),(839,1.00,198,30),(840,3.00,289,30),(841,4.00,288,30),(842,2.00,249,30),(843,5.00,239,30),(844,1.00,182,30),(845,2.00,262,30),(846,5.00,264,30),(847,10.00,245,30),(848,3.00,251,30),(849,4.00,333,30),(850,2.00,315,30),(851,1.00,277,30),(852,2.00,308,30),(853,5.00,252,30),(854,2.00,263,30),(855,8.00,244,30),(856,2.00,296,30),(857,4.00,250,30),(858,2.00,186,30),(859,2.00,235,30),(860,1.00,203,30),(861,10.00,210,30),(862,7.00,248,30),(863,1.00,197,30),(864,2.00,317,30),(865,12.00,246,30),(866,5.00,234,30),(867,10.00,332,30),(868,2.00,247,30),(869,5.00,250,31),(870,3.00,235,31),(871,4.00,249,31),(872,5.00,241,31),(873,5.00,239,31),(874,1.00,199,31),(875,1.00,292,31),(876,3.00,262,31),(877,2.00,264,31),(878,6.00,248,31),(879,7.00,245,31),(880,4.00,251,31),(881,2.00,236,31),(882,10.00,246,31),(883,5.00,234,31),(884,2.00,263,31),(885,1.00,274,31),(886,7.00,244,31),(887,5.00,250,32),(888,3.00,235,32),(889,4.00,249,32),(890,5.00,241,32),(891,5.00,239,32),(892,1.00,199,32),(893,1.00,292,32),(894,3.00,262,32),(895,2.00,264,32),(896,6.00,248,32),(897,7.00,245,32),(898,4.00,251,32),(899,2.00,236,32),(900,10.00,246,32),(901,5.00,234,32),(902,2.00,263,32),(903,1.00,274,32),(904,7.00,244,32),(905,5.00,250,33),(906,3.00,235,33),(907,4.00,249,33),(908,5.00,241,33),(909,5.00,239,33),(910,1.00,199,33),(911,1.00,292,33),(912,3.00,262,33),(913,2.00,264,33),(914,6.00,248,33),(915,7.00,245,33),(916,4.00,251,33),(917,2.00,236,33),(918,10.00,246,33),(919,5.00,234,33),(920,2.00,263,33),(921,1.00,274,33),(922,7.00,244,33),(923,5.00,250,34),(924,3.00,235,34),(925,4.00,249,34),(926,5.00,241,34),(927,5.00,239,34),(928,1.00,199,34),(929,1.00,292,34),(930,3.00,262,34),(931,2.00,264,34),(932,6.00,248,34),(933,7.00,245,34),(934,4.00,251,34),(935,2.00,236,34),(936,10.00,246,34),(937,5.00,234,34),(938,2.00,263,34),(939,1.00,274,34),(940,7.00,244,34),(941,5.00,250,35),(942,3.00,235,35),(943,4.00,249,35),(944,5.00,241,35),(945,5.00,239,35),(946,1.00,199,35),(947,1.00,292,35),(948,3.00,262,35),(949,2.00,264,35),(950,6.00,248,35),(951,7.00,245,35),(952,4.00,251,35),(953,2.00,236,35),(954,10.00,246,35),(955,5.00,234,35),(956,2.00,263,35),(957,1.00,274,35),(958,7.00,244,35),(959,1.00,237,36),(960,3.00,254,36),(961,1.00,198,36),(962,2.00,206,36),(963,2.00,202,36),(964,4.00,249,36),(965,4.00,239,36),(966,2.00,253,36),(967,4.00,262,36),(968,5.00,264,36),(969,2.00,240,36),(970,11.00,245,36),(971,3.00,238,36),(972,4.00,236,36),(973,2.00,303,36),(974,2.00,263,36),(975,10.00,244,36),(976,4.00,250,36),(977,2.00,296,36),(978,4.00,235,36),(979,2.00,241,36),(980,10.00,248,36),(981,2.00,197,36),(982,11.00,246,36),(983,6.00,234,36),(984,5.00,332,36),(985,5.00,295,36),(986,1.00,255,36),(987,4.00,247,36),(988,5.00,254,37),(989,1.00,280,37),(990,2.00,305,37),(991,4.00,301,37),(992,1.00,283,37),(993,5.00,202,37),(994,2.00,249,37),(995,5.00,239,37),(996,3.00,253,37),(997,5.00,331,37),(998,2.00,292,37),(999,5.00,262,37),(1000,3.00,264,37),(1001,10.00,240,37),(1002,8.00,245,37),(1003,9.00,251,37),(1004,2.00,297,37),(1005,3.00,236,37),(1006,1.00,243,37),(1007,1.00,218,37),(1008,2.00,303,37),(1009,8.00,252,37),(1010,2.00,263,37),(1011,1.00,213,37),(1012,2.00,312,37),(1013,8.00,244,37),(1014,2.00,189,37),(1015,3.00,250,37),(1016,2.00,209,37),(1017,3.00,235,37),(1018,10.00,241,37),(1019,1.00,203,37),(1020,10.00,248,37),(1021,4.00,298,37),(1022,9.00,242,37),(1023,10.00,246,37),(1024,2.00,261,37),(1025,5.00,234,37),(1026,1.00,219,37),(1027,4.00,318,37),(1028,2.00,229,37),(1029,10.00,332,37),(1030,4.00,295,37),(1031,2.00,307,37),(1032,1.00,190,37),(1033,2.00,247,37),(1034,1.00,271,37),(1035,5.00,254,38),(1036,1.00,280,38),(1037,2.00,305,38),(1038,4.00,301,38),(1039,1.00,283,38),(1040,5.00,202,38),(1041,2.00,249,38),(1042,5.00,239,38),(1043,3.00,253,38),(1044,5.00,331,38),(1045,2.00,292,38),(1046,5.00,262,38),(1047,3.00,264,38),(1048,10.00,240,38),(1049,8.00,245,38),(1050,9.00,251,38),(1051,2.00,297,38),(1052,3.00,236,38),(1053,1.00,243,38),(1054,1.00,218,38),(1055,2.00,303,38),(1056,8.00,252,38),(1057,2.00,263,38),(1058,1.00,213,38),(1059,2.00,312,38),(1060,8.00,244,38),(1061,2.00,189,38),(1062,3.00,250,38),(1063,2.00,209,38),(1064,3.00,235,38),(1065,10.00,241,38),(1066,1.00,203,38),(1067,10.00,248,38),(1068,4.00,298,38),(1069,9.00,242,38),(1070,10.00,246,38),(1071,2.00,261,38),(1072,5.00,234,38),(1073,1.00,219,38),(1074,4.00,318,38),(1075,2.00,229,38),(1076,10.00,332,38),(1077,4.00,295,38),(1078,2.00,307,38),(1079,1.00,190,38),(1080,2.00,247,38),(1081,1.00,271,38),(1082,2.00,233,39),(1083,1.00,289,39),(1084,3.00,239,39),(1085,3.00,262,39),(1086,5.00,264,39),(1087,1.00,282,39),(1088,10.00,245,39),(1089,5.00,251,39),(1090,2.00,333,39),(1091,1.00,277,39),(1092,2.00,297,39),(1093,3.00,236,39),(1094,1.00,204,39),(1095,2.00,218,39),(1096,5.00,252,39),(1097,2.00,263,39),(1098,1.00,208,39),(1099,10.00,244,39),(1100,5.00,250,39),(1101,1.00,186,39),(1102,4.00,235,39),(1103,5.00,241,39),(1104,1.00,199,39),(1105,9.00,248,39),(1106,2.00,201,39),(1107,10.00,246,39),(1108,6.00,234,39),(1109,5.00,332,39),(1110,1.00,200,39),(1111,4.00,227,39),(1112,3.00,247,39),(1113,2.00,254,40),(1114,1.00,280,40),(1115,1.00,202,40),(1116,7.00,288,40),(1117,4.00,249,40),(1118,10.00,239,40),(1119,2.00,331,40),(1120,1.00,281,40),(1121,2.00,262,40),(1122,4.00,264,40),(1123,7.00,245,40),(1124,4.00,251,40),(1125,2.00,333,40),(1126,1.00,183,40),(1127,2.00,236,40),(1128,2.00,263,40),(1129,1.00,208,40),(1130,7.00,244,40),(1131,3.00,250,40),(1132,2.00,235,40),(1133,2.00,176,40),(1134,10.00,241,40),(1135,1.00,199,40),(1136,1.00,276,40),(1137,5.00,248,40),(1138,2.00,298,40),(1139,10.00,246,40),(1140,1.00,317,40),(1141,5.00,234,40),(1142,1.00,325,40),(1143,1.00,318,40),(1144,1.00,229,40),(1145,1.00,332,40),(1146,1.00,200,40),(1147,2.00,247,40),(1148,2.00,271,40),(1149,2.00,233,41),(1150,3.00,180,41),(1151,2.00,249,41),(1152,8.00,239,41),(1153,1.00,191,41),(1154,2.00,264,41),(1155,6.00,245,41),(1156,5.00,251,41),(1157,1.00,183,41),(1158,2.00,236,41),(1159,1.00,269,41),(1160,5.00,252,41),(1161,2.00,263,41),(1162,6.00,244,41),(1163,1.00,296,41),(1164,2.00,250,41),(1165,2.00,209,41),(1166,1.00,304,41),(1167,2.00,186,41),(1168,2.00,235,41),(1169,2.00,176,41),(1170,1.00,311,41),(1171,1.00,196,41),(1172,1.00,203,41),(1173,5.00,248,41),(1174,1.00,175,41),(1175,1.00,298,41),(1176,1.00,322,41),(1177,12.00,246,41),(1178,2.00,261,41),(1179,5.00,234,41),(1180,10.00,336,41),(1181,3.00,247,41),(1182,1.00,271,41),(1183,2.00,233,42),(1184,3.00,180,42),(1185,2.00,249,42),(1186,8.00,239,42),(1187,1.00,191,42),(1188,2.00,264,42),(1189,6.00,245,42),(1190,5.00,251,42),(1191,1.00,183,42),(1192,2.00,236,42),(1193,1.00,269,42),(1194,5.00,252,42),(1195,2.00,263,42),(1196,6.00,244,42),(1197,1.00,296,42),(1198,2.00,250,42),(1199,2.00,209,42),(1200,1.00,304,42),(1201,2.00,186,42),(1202,2.00,235,42),(1203,2.00,176,42),(1204,1.00,311,42),(1205,1.00,196,42),(1206,1.00,203,42),(1207,5.00,248,42),(1208,1.00,175,42),(1209,1.00,298,42),(1210,1.00,322,42),(1211,12.00,246,42),(1212,2.00,261,42),(1213,5.00,234,42),(1214,10.00,336,42),(1215,3.00,247,42),(1216,1.00,271,42),(1217,2.00,233,43),(1218,3.00,180,43),(1219,2.00,249,43),(1220,8.00,239,43),(1221,1.00,191,43),(1222,2.00,264,43),(1223,6.00,245,43),(1224,5.00,251,43),(1225,1.00,183,43),(1226,2.00,236,43),(1227,1.00,269,43),(1228,5.00,252,43),(1229,2.00,263,43),(1230,6.00,244,43),(1231,1.00,296,43),(1232,2.00,250,43),(1233,2.00,209,43),(1234,1.00,304,43),(1235,2.00,186,43),(1236,2.00,235,43),(1237,2.00,176,43),(1238,1.00,311,43),(1239,1.00,196,43),(1240,1.00,203,43),(1241,5.00,248,43),(1242,1.00,175,43),(1243,1.00,298,43),(1244,1.00,322,43),(1245,12.00,246,43),(1246,2.00,261,43),(1247,5.00,234,43),(1248,10.00,336,43),(1249,3.00,247,43),(1250,1.00,271,43),(1251,1.00,327,44),(1252,2.00,301,44),(1253,1.00,192,44),(1254,5.00,288,44),(1255,4.00,249,44),(1256,5.00,239,44),(1257,2.00,281,44),(1258,5.00,292,44),(1259,3.00,262,44),(1260,5.00,264,44),(1261,11.00,245,44),(1262,4.00,238,44),(1263,5.00,251,44),(1264,3.00,333,44),(1265,3.00,236,44),(1266,1.00,243,44),(1267,1.00,218,44),(1268,5.00,252,44),(1269,2.00,263,44),(1270,11.00,244,44),(1271,2.00,189,44),(1272,2.00,296,44),(1273,4.00,250,44),(1274,2.00,186,44),(1275,4.00,235,44),(1276,2.00,176,44),(1277,10.00,241,44),(1278,3.00,231,44),(1279,1.00,199,44),(1280,1.00,276,44),(1281,11.00,248,44),(1282,1.00,197,44),(1283,12.00,246,44),(1284,7.00,234,44),(1285,2.00,318,44),(1286,5.00,332,44),(1287,3.00,335,44),(1288,1.00,190,44),(1289,4.00,247,44),(1290,2.00,271,44),(1291,8.00,250,45),(1292,1.00,296,45),(1293,4.00,235,45),(1294,1.00,289,45),(1295,8.00,249,45),(1296,20.00,241,45),(1297,20.00,239,45),(1298,4.00,253,45),(1299,4.00,262,45),(1300,8.00,264,45),(1301,12.00,248,45),(1302,16.00,245,45),(1303,8.00,251,45),(1304,1.00,298,45),(1305,1.00,201,45),(1306,4.00,236,45),(1307,20.00,246,45),(1308,10.00,234,45),(1309,1.00,307,45),(1310,4.00,263,45),(1311,8.00,247,45),(1312,16.00,244,45),(1313,8.00,250,46),(1314,1.00,296,46),(1315,4.00,235,46),(1316,1.00,289,46),(1317,8.00,249,46),(1318,20.00,241,46),(1319,20.00,239,46),(1320,4.00,253,46),(1321,4.00,262,46),(1322,8.00,264,46),(1323,12.00,248,46),(1324,16.00,245,46),(1325,8.00,251,46),(1326,1.00,298,46),(1327,1.00,201,46),(1328,4.00,236,46),(1329,20.00,246,46),(1330,10.00,234,46),(1331,1.00,307,46),(1332,4.00,263,46),(1333,8.00,247,46),(1334,16.00,244,46),(1335,1.00,237,47),(1336,1.00,206,47),(1337,3.00,262,47),(1338,2.00,264,47),(1339,10.00,240,47),(1340,6.00,245,47),(1341,3.00,251,47),(1342,2.00,333,47),(1343,2.00,236,47),(1344,2.00,334,47),(1345,3.00,252,47),(1346,1.00,263,47),(1347,6.00,244,47),(1348,2.00,250,47),(1349,2.00,235,47),(1350,1.00,184,47),(1351,10.00,241,47),(1352,1.00,199,47),(1353,8.00,248,47),(1354,1.00,197,47),(1355,1.00,201,47),(1356,6.00,246,47),(1357,2.00,261,47),(1358,3.00,234,47),(1359,5.00,332,47),(1360,2.00,247,47),(1361,2.00,327,48),(1362,8.00,249,48),(1363,40.00,239,48),(1364,4.00,331,48),(1365,2.00,292,48),(1366,4.00,262,48),(1367,4.00,264,48),(1368,10.00,240,48),(1369,16.00,245,48),(1370,8.00,251,48),(1371,4.00,333,48),(1372,2.00,297,48),(1373,4.00,236,48),(1374,2.00,243,48),(1375,1.00,269,48),(1376,1.00,268,48),(1377,4.00,263,48),(1378,2.00,291,48),(1379,16.00,244,48),(1380,8.00,250,48),(1381,2.00,296,48),(1382,2.00,209,48),(1383,4.00,235,48),(1384,2.00,311,48),(1385,20.00,241,48),(1386,2.00,328,48),(1387,14.00,248,48),(1388,2.00,211,48),(1389,2.00,299,48),(1390,20.00,246,48),(1391,12.00,234,48),(1392,2.00,219,48),(1393,2.00,318,48),(1394,2.00,332,48),(1395,2.00,335,48),(1396,2.00,255,48),(1397,3.00,190,48),(1398,6.00,247,48),(1399,2.00,327,49),(1400,8.00,249,49),(1401,40.00,239,49),(1402,4.00,331,49),(1403,2.00,292,49),(1404,4.00,262,49),(1405,4.00,264,49),(1406,10.00,240,49),(1407,16.00,245,49),(1408,8.00,251,49),(1409,4.00,333,49),(1410,2.00,297,49),(1411,4.00,236,49),(1412,2.00,243,49),(1413,1.00,269,49),(1414,1.00,268,49),(1415,4.00,263,49),(1416,2.00,291,49),(1417,16.00,244,49),(1418,8.00,250,49),(1419,2.00,296,49),(1420,2.00,209,49),(1421,4.00,235,49),(1422,2.00,311,49),(1423,20.00,241,49),(1424,2.00,328,49),(1425,14.00,248,49),(1426,2.00,211,49),(1427,2.00,299,49),(1428,20.00,246,49),(1429,12.00,234,49),(1430,2.00,219,49),(1431,2.00,318,49),(1432,2.00,332,49),(1433,2.00,335,49),(1434,2.00,255,49),(1435,3.00,190,49),(1436,6.00,247,49),(1437,2.00,327,50),(1438,8.00,249,50),(1439,40.00,239,50),(1440,4.00,331,50),(1441,2.00,292,50),(1442,4.00,262,50),(1443,4.00,264,50),(1444,10.00,240,50),(1445,16.00,245,50),(1446,8.00,251,50),(1447,4.00,333,50),(1448,2.00,297,50),(1449,4.00,236,50),(1450,2.00,243,50),(1451,1.00,269,50),(1452,1.00,268,50),(1453,4.00,263,50),(1454,2.00,291,50),(1455,16.00,244,50),(1456,8.00,250,50),(1457,2.00,296,50),(1458,2.00,209,50),(1459,4.00,235,50),(1460,2.00,311,50),(1461,20.00,241,50),(1462,2.00,328,50),(1463,14.00,248,50),(1464,2.00,211,50),(1465,2.00,299,50),(1466,20.00,246,50),(1467,12.00,234,50),(1468,2.00,219,50),(1469,2.00,318,50),(1470,2.00,332,50),(1471,2.00,335,50),(1472,2.00,255,50),(1473,3.00,190,50),(1474,6.00,247,50),(1475,1.00,198,51),(1476,1.00,289,51),(1477,2.00,202,51),(1478,4.00,249,51),(1479,2.00,193,51),(1480,5.00,239,51),(1481,2.00,253,51),(1482,5.00,331,51),(1483,5.00,264,51),(1484,5.00,240,51),(1485,11.00,245,51),(1486,5.00,251,51),(1487,5.00,252,51),(1488,2.00,263,51),(1489,1.00,274,51),(1490,9.00,244,51),(1491,5.00,250,51),(1492,4.00,235,51),(1493,10.00,241,51),(1494,2.00,199,51),(1495,10.00,248,51),(1496,1.00,197,51),(1497,12.00,246,51),(1498,7.00,234,51),(1499,5.00,332,51),(1500,1.00,200,51),(1501,3.00,247,51),(1502,2.00,202,52),(1503,2.00,288,52),(1504,4.00,249,52),(1505,1.00,193,52),(1506,10.00,239,52),(1507,3.00,331,52),(1508,1.00,281,52),(1509,6.00,262,52),(1510,6.00,264,52),(1511,21.00,245,52),(1512,8.00,251,52),(1513,4.00,236,52),(1514,6.00,252,52),(1515,2.00,263,52),(1516,1.00,274,52),(1517,2.00,213,52),(1518,20.00,244,52),(1519,2.00,189,52),(1520,1.00,296,52),(1521,4.00,250,52),(1522,6.00,235,52),(1523,1.00,311,52),(1524,1.00,184,52),(1525,2.00,199,52),(1526,10.00,248,52),(1527,19.00,246,52),(1528,10.00,234,52),(1529,2.00,295,52),(1530,4.00,247,52),(1531,2.00,202,53),(1532,2.00,288,53),(1533,4.00,249,53),(1534,1.00,193,53),(1535,10.00,239,53),(1536,3.00,331,53),(1537,1.00,281,53),(1538,6.00,262,53),(1539,6.00,264,53),(1540,21.00,245,53),(1541,8.00,251,53),(1542,4.00,236,53),(1543,6.00,252,53),(1544,2.00,263,53),(1545,1.00,274,53),(1546,2.00,213,53),(1547,20.00,244,53),(1548,2.00,189,53),(1549,1.00,296,53),(1550,4.00,250,53),(1551,6.00,235,53),(1552,1.00,311,53),(1553,1.00,184,53),(1554,2.00,199,53),(1555,10.00,248,53),(1556,19.00,246,53),(1557,10.00,234,53),(1558,2.00,295,53),(1559,4.00,247,53),(1560,3.00,198,54),(1561,2.00,206,54),(1562,1.00,233,54),(1563,8.00,289,54),(1564,14.00,288,54),(1565,6.00,249,54),(1566,4.00,262,54),(1567,4.00,264,54),(1568,16.00,245,54),(1569,10.00,251,54),(1570,4.00,236,54),(1571,2.00,334,54),(1572,4.00,263,54),(1573,6.00,274,54),(1574,2.00,213,54),(1575,16.00,244,54),(1576,2.00,189,54),(1577,8.00,250,54),(1578,2.00,296,54),(1579,4.00,235,54),(1580,10.00,241,54),(1581,6.00,276,54),(1582,14.00,248,54),(1583,2.00,316,54),(1584,20.00,246,54),(1585,10.00,234,54),(1586,4.00,295,54),(1587,2.00,205,54),(1588,1.00,227,54),(1589,6.00,247,54),(1590,4.00,271,54),(1591,4.00,181,54),(1592,3.00,198,55),(1593,2.00,206,55),(1594,1.00,233,55),(1595,8.00,289,55),(1596,14.00,288,55),(1597,6.00,249,55),(1598,4.00,262,55),(1599,4.00,264,55),(1600,16.00,245,55),(1601,10.00,251,55),(1602,4.00,236,55),(1603,2.00,334,55),(1604,4.00,263,55),(1605,6.00,274,55),(1606,2.00,213,55),(1607,16.00,244,55),(1608,2.00,189,55),(1609,8.00,250,55),(1610,2.00,296,55),(1611,4.00,235,55),(1612,10.00,241,55),(1613,6.00,276,55),(1614,14.00,248,55),(1615,2.00,316,55),(1616,20.00,246,55),(1617,10.00,234,55),(1618,4.00,295,55),(1619,2.00,205,55),(1620,1.00,227,55),(1621,6.00,247,55),(1622,4.00,271,55),(1623,4.00,181,55),(1624,3.00,198,56),(1625,2.00,206,56),(1626,1.00,233,56),(1627,8.00,289,56),(1628,14.00,288,56),(1629,6.00,249,56),(1630,4.00,262,56),(1631,4.00,264,56),(1632,16.00,245,56),(1633,10.00,251,56),(1634,4.00,236,56),(1635,2.00,334,56),(1636,4.00,263,56),(1637,6.00,274,56),(1638,2.00,213,56),(1639,16.00,244,56),(1640,2.00,189,56),(1641,8.00,250,56),(1642,2.00,296,56),(1643,4.00,235,56),(1644,10.00,241,56),(1645,6.00,276,56),(1646,14.00,248,56),(1647,2.00,316,56),(1648,20.00,246,56),(1649,10.00,234,56),(1650,4.00,295,56),(1651,2.00,205,56),(1652,1.00,227,56),(1653,6.00,247,56),(1654,4.00,271,56),(1655,4.00,181,56),(1656,4.00,249,57),(1657,1.00,193,57),(1658,5.00,239,57),(1659,3.00,262,57),(1660,5.00,264,57),(1661,5.00,240,57),(1662,10.00,245,57),(1663,5.00,251,57),(1664,2.00,333,57),(1665,2.00,297,57),(1666,2.00,315,57),(1667,5.00,252,57),(1668,2.00,263,57),(1669,1.00,208,57),(1670,9.00,244,57),(1671,2.00,296,57),(1672,5.00,250,57),(1673,2.00,186,57),(1674,2.00,235,57),(1675,1.00,176,57),(1676,10.00,241,57),(1677,1.00,196,57),(1678,9.00,248,57),(1679,1.00,175,57),(1680,2.00,298,57),(1681,5.00,242,57),(1682,10.00,246,57),(1683,6.00,234,57),(1684,5.00,332,57),(1685,5.00,348,57),(1686,2.00,228,58),(1687,1.00,327,58),(1688,3.00,235,58),(1689,1.00,306,58),(1690,2.00,241,58),(1691,1.00,329,58),(1692,1.00,239,58),(1693,1.00,276,58),(1694,7.00,248,58),(1695,6.00,245,58),(1696,5.00,251,58),(1697,2.00,333,58),(1698,1.00,243,58),(1699,10.00,246,58),(1700,5.00,234,58),(1701,5.00,332,58),(1702,1.00,268,58),(1703,5.00,252,58),(1704,1.00,255,58),(1705,2.00,263,58),(1706,2.00,208,58),(1707,10.00,227,58),(1708,2.00,247,58),(1709,6.00,244,58),(1710,2.00,228,59),(1711,1.00,327,59),(1712,3.00,235,59),(1713,1.00,306,59),(1714,2.00,241,59),(1715,1.00,329,59),(1716,1.00,239,59),(1717,1.00,276,59),(1718,7.00,248,59),(1719,6.00,245,59),(1720,5.00,251,59),(1721,2.00,333,59),(1722,1.00,243,59),(1723,10.00,246,59),(1724,5.00,234,59),(1725,5.00,332,59),(1726,1.00,268,59),(1727,5.00,252,59),(1728,1.00,255,59),(1729,2.00,263,59),(1730,2.00,208,59),(1731,10.00,227,59),(1732,2.00,247,59),(1733,6.00,244,59),(1734,9.00,254,60),(1735,2.00,305,60),(1736,2.00,301,60),(1737,2.00,306,60),(1738,2.00,202,60),(1739,1.00,192,60),(1740,6.00,249,60),(1741,30.00,239,60),(1742,6.00,253,60),(1743,2.00,292,60),(1744,6.00,262,60),(1745,12.00,264,60),(1746,24.00,245,60),(1747,15.00,251,60),(1748,3.00,333,60),(1749,2.00,218,60),(1750,2.00,303,60),(1751,3.00,263,60),(1752,2.00,208,60),(1753,24.00,244,60),(1754,12.00,250,60),(1755,6.00,235,60),(1756,30.00,241,60),(1757,4.00,199,60),(1758,2.00,178,60),(1759,15.00,248,60),(1760,4.00,201,60),(1761,30.00,246,60),(1762,15.00,234,60),(1763,1.00,332,60),(1764,9.00,247,60),(1765,9.00,254,61),(1766,2.00,305,61),(1767,2.00,301,61),(1768,2.00,306,61),(1769,2.00,202,61),(1770,1.00,192,61),(1771,6.00,249,61),(1772,30.00,239,61),(1773,6.00,253,61),(1774,2.00,292,61),(1775,6.00,262,61),(1776,12.00,264,61),(1777,24.00,245,61),(1778,15.00,251,61),(1779,3.00,333,61),(1780,2.00,218,61),(1781,2.00,303,61),(1782,3.00,263,61),(1783,2.00,208,61),(1784,24.00,244,61),(1785,12.00,250,61),(1786,6.00,235,61),(1787,30.00,241,61),(1788,4.00,199,61),(1789,2.00,178,61),(1790,15.00,248,61),(1791,4.00,201,61),(1792,30.00,246,61),(1793,15.00,234,61),(1794,1.00,332,61),(1795,9.00,247,61),(1796,1.00,280,62),(1797,1.00,289,62),(1798,2.00,202,62),(1799,5.00,239,62),(1800,4.00,262,62),(1801,5.00,264,62),(1802,5.00,240,62),(1803,1.00,282,62),(1804,10.00,245,62),(1805,3.00,238,62),(1806,5.00,251,62),(1807,4.00,236,62),(1808,2.00,308,62),(1809,2.00,218,62),(1810,8.00,252,62),(1811,2.00,263,62),(1812,1.00,213,62),(1813,9.00,244,62),(1814,2.00,296,62),(1815,5.00,250,62),(1816,4.00,235,62),(1817,10.00,241,62),(1818,2.00,196,62),(1819,1.00,276,62),(1820,8.00,248,62),(1821,2.00,299,62),(1822,2.00,197,62),(1823,2.00,201,62),(1824,2.00,317,62),(1825,15.00,246,62),(1826,7.00,234,62),(1827,2.00,302,62),(1828,1.00,190,62),(1829,4.00,247,62),(1830,2.00,293,63),(1831,1.00,280,63),(1832,1.00,202,63),(1833,6.00,249,63),(1834,2.00,239,63),(1835,6.00,253,63),(1836,2.00,292,63),(1837,4.00,262,63),(1838,6.00,264,63),(1839,1.00,282,63),(1840,10.00,245,63),(1841,1.00,297,63),(1842,6.00,236,63),(1843,1.00,308,63),(1844,1.00,204,63),(1845,1.00,291,63),(1846,2.00,263,63),(1847,10.00,244,63),(1848,1.00,296,63),(1849,6.00,250,63),(1850,6.00,235,63),(1851,4.00,241,63),(1852,1.00,196,63),(1853,1.00,276,63),(1854,10.00,248,63),(1855,1.00,316,63),(1856,1.00,197,63),(1857,1.00,298,63),(1858,2.00,242,63),(1859,20.00,246,63),(1860,4.00,261,63),(1861,1.00,325,63),(1862,8.00,234,63),(1863,20.00,336,63),(1864,2.00,293,64),(1865,1.00,280,64),(1866,1.00,202,64),(1867,6.00,249,64),(1868,2.00,239,64),(1869,6.00,253,64),(1870,2.00,292,64),(1871,4.00,262,64),(1872,6.00,264,64),(1873,1.00,282,64),(1874,10.00,245,64),(1875,1.00,297,64),(1876,6.00,236,64),(1877,1.00,308,64),(1878,1.00,204,64),(1879,1.00,291,64),(1880,2.00,263,64),(1881,10.00,244,64),(1882,1.00,296,64),(1883,6.00,250,64),(1884,6.00,235,64),(1885,4.00,241,64),(1886,1.00,196,64),(1887,1.00,276,64),(1888,10.00,248,64),(1889,1.00,316,64),(1890,1.00,197,64),(1891,1.00,298,64),(1892,2.00,242,64),(1893,20.00,246,64),(1894,4.00,261,64),(1895,1.00,325,64),(1896,8.00,234,64),(1897,20.00,336,64),(1898,5.00,250,65),(1899,1.00,304,65),(1900,1.00,235,65),(1901,1.00,306,65),(1902,1.00,192,65),(1903,1.00,196,65),(1904,1.00,182,65),(1905,10.00,185,65),(1906,5.00,248,65),(1907,6.00,245,65),(1908,3.00,251,65),(1909,1.00,299,65),(1910,1.00,242,65),(1911,1.00,297,65),(1912,1.00,298,65),(1913,6.00,246,65),(1914,4.00,234,65),(1915,5.00,336,65),(1916,1.00,332,65),(1917,6.00,244,65),(1918,2.00,237,66),(1919,3.00,254,66),(1920,1.00,270,66),(1921,5.00,288,66),(1922,4.00,249,66),(1923,5.00,239,66),(1924,2.00,253,66),(1925,1.00,191,66),(1926,4.00,262,66),(1927,5.00,264,66),(1928,5.00,240,66),(1929,11.00,245,66),(1930,5.00,251,66),(1931,3.00,333,66),(1932,2.00,297,66),(1933,3.00,236,66),(1934,3.00,334,66),(1935,3.00,252,66),(1936,2.00,263,66),(1937,1.00,274,66),(1938,7.00,244,66),(1939,2.00,296,66),(1940,5.00,250,66),(1941,2.00,304,66),(1942,4.00,235,66),(1943,10.00,241,66),(1944,1.00,178,66),(1945,10.00,248,66),(1946,2.00,298,66),(1947,2.00,317,66),(1948,8.00,246,66),(1949,6.00,234,66),(1950,2.00,318,66),(1951,5.00,295,66),(1952,1.00,255,66),(1953,3.00,247,66),(1954,3.00,254,67),(1955,1.00,206,67),(1956,2.00,289,67),(1957,2.00,288,67),(1958,2.00,249,67),(1959,1.00,313,67),(1960,5.00,239,67),(1961,3.00,262,67),(1962,5.00,264,67),(1963,10.00,245,67),(1964,5.00,251,67),(1965,3.00,333,67),(1966,3.00,236,67),(1967,1.00,269,67),(1968,4.00,252,67),(1969,2.00,291,67),(1970,2.00,263,67),(1971,1.00,274,67),(1972,8.00,244,67),(1973,1.00,220,67),(1974,1.00,296,67),(1975,3.00,250,67),(1976,2.00,209,67),(1977,2.00,186,67),(1978,4.00,235,67),(1979,10.00,241,67),(1980,1.00,179,67),(1981,6.00,248,67),(1982,1.00,299,67),(1983,1.00,298,67),(1984,1.00,201,67),(1985,10.00,246,67),(1986,2.00,261,67),(1987,5.00,234,67),(1988,1.00,318,67),(1989,10.00,332,67),(1990,2.00,295,67),(1991,1.00,205,67),(1992,2.00,247,67),(1993,2.00,271,67),(1994,3.00,254,68),(1995,1.00,206,68),(1996,2.00,289,68),(1997,2.00,288,68),(1998,2.00,249,68),(1999,1.00,313,68),(2000,5.00,239,68),(2001,3.00,262,68),(2002,5.00,264,68),(2003,10.00,245,68),(2004,5.00,251,68),(2005,3.00,333,68),(2006,3.00,236,68),(2007,1.00,269,68),(2008,4.00,252,68),(2009,2.00,291,68),(2010,2.00,263,68),(2011,1.00,274,68),(2012,8.00,244,68),(2013,1.00,220,68),(2014,1.00,296,68),(2015,3.00,250,68),(2016,2.00,209,68),(2017,2.00,186,68),(2018,4.00,235,68),(2019,10.00,241,68),(2020,1.00,179,68),(2021,6.00,248,68),(2022,1.00,299,68),(2023,1.00,298,68),(2024,1.00,201,68),(2025,10.00,246,68),(2026,2.00,261,68),(2027,5.00,234,68),(2028,1.00,318,68),(2029,10.00,332,68),(2030,2.00,295,68),(2031,1.00,205,68),(2032,2.00,247,68),(2033,2.00,271,68),(2034,2.00,327,69),(2035,2.00,195,69),(2036,2.00,202,69),(2037,6.00,249,69),(2038,4.00,253,69),(2039,4.00,262,69),(2040,8.00,264,69),(2041,10.00,240,69),(2042,2.00,282,69),(2043,6.00,245,69),(2044,8.00,251,69),(2045,6.00,333,69),(2046,4.00,236,69),(2047,4.00,263,69),(2048,4.00,291,69),(2049,2.00,274,69),(2050,6.00,244,69),(2051,2.00,312,69),(2052,6.00,250,69),(2053,2.00,296,69),(2054,2.00,209,69),(2055,2.00,228,69),(2056,4.00,235,69),(2057,10.00,241,69),(2058,2.00,199,69),(2059,8.00,248,69),(2060,2.00,299,69),(2061,2.00,197,69),(2062,2.00,298,69),(2063,2.00,201,69),(2064,12.00,246,69),(2065,13.00,234,69),(2066,2.00,325,69),(2067,2.00,200,69),(2068,6.00,247,69),(2069,2.00,327,70),(2070,2.00,195,70),(2071,2.00,202,70),(2072,6.00,249,70),(2073,4.00,253,70),(2074,4.00,262,70),(2075,8.00,264,70),(2076,10.00,240,70),(2077,2.00,282,70),(2078,6.00,245,70),(2079,8.00,251,70),(2080,6.00,333,70),(2081,4.00,236,70),(2082,4.00,263,70),(2083,4.00,291,70),(2084,2.00,274,70),(2085,6.00,244,70),(2086,2.00,312,70),(2087,6.00,250,70),(2088,2.00,296,70),(2089,2.00,209,70),(2090,2.00,228,70),(2091,4.00,235,70),(2092,10.00,241,70),(2093,2.00,199,70),(2094,8.00,248,70),(2095,2.00,299,70),(2096,2.00,197,70),(2097,2.00,298,70),(2098,2.00,201,70),(2099,12.00,246,70),(2100,13.00,234,70),(2101,2.00,325,70),(2102,2.00,200,70),(2103,6.00,247,70),(2104,1.00,319,71),(2105,2.00,305,71),(2106,1.00,198,71),(2107,1.00,327,71),(2108,2.00,180,71),(2109,3.00,249,71),(2110,3.00,239,71),(2111,5.00,331,71),(2112,11.00,245,71),(2113,5.00,251,71),(2114,3.00,333,71),(2115,2.00,297,71),(2116,1.00,243,71),(2117,6.00,236,71),(2118,1.00,326,71),(2119,2.00,218,71),(2120,2.00,303,71),(2121,2.00,252,71),(2122,10.00,244,71),(2123,2.00,296,71),(2124,5.00,250,71),(2125,2.00,304,71),(2126,8.00,235,71),(2127,6.00,222,71),(2128,10.00,241,71),(2129,1.00,199,71),(2130,1.00,179,71),(2131,10.00,248,71),(2132,2.00,316,71),(2133,15.00,246,71),(2134,12.00,234,71),(2135,2.00,219,71),(2136,5.00,332,71),(2137,1.00,200,71),(2138,3.00,335,71),(2139,3.00,247,71),(2140,1.00,193,72),(2141,1.00,235,72),(2142,1.00,234,72),(2143,2.00,196,72),(2144,1.00,235,73),(2145,1.00,234,73),(2146,1.00,235,72),(2147,1.00,234,72),(2148,2.00,196,72),(2149,1.00,235,74),(2150,1.00,234,74),(2151,1.00,298,75),(2152,3.00,298,75);
/*!40000 ALTER TABLE `wf_inventory_request_goods` ENABLE KEYS */;
UNLOCK TABLES;

--
-- Table structure for table `wf_inventory_request_record`
--

DROP TABLE IF EXISTS `wf_inventory_request_record`;
/*!40101 SET @saved_cs_client     = @@character_set_client */;
/*!40101 SET character_set_client = utf8 */;
CREATE TABLE `wf_inventory_request_record` (
  `id` bigint(20) NOT NULL AUTO_INCREMENT,
  `WF_OPT_TIMESTAMP` timestamp NOT NULL DEFAULT CURRENT_TIMESTAMP ON UPDATE CURRENT_TIMESTAMP,
  `shopAddress` varchar(255) DEFAULT NULL,
  `shopId` bigint(20) DEFAULT NULL,
  `shopName` varchar(255) DEFAULT NULL,
  `status` int(11) DEFAULT NULL,
  `userId` bigint(20) DEFAULT NULL,
  `userName` varchar(255) DEFAULT NULL,
  `loadSubRecord` bit(1) NOT NULL,
  `WF_PARENT_REC_ID` bigint(20) DEFAULT NULL,
  `supplierRecd` int(11) NOT NULL,
  `WF_REQ_DATE` date DEFAULT NULL,
  PRIMARY KEY (`id`)
) ENGINE=InnoDB AUTO_INCREMENT=76 DEFAULT CHARSET=utf8;
/*!40101 SET character_set_client = @saved_cs_client */;

--
-- Dumping data for table `wf_inventory_request_record`
--

LOCK TABLES `wf_inventory_request_record` WRITE;
/*!40000 ALTER TABLE `wf_inventory_request_record` DISABLE KEYS */;
INSERT INTO `wf_inventory_request_record` VALUES (4,'2016-10-19 07:40:22','二大街嘉德园底商',6,'津.一店',0,5,'津.一店','\0',0,0,NULL),(9,'2016-10-19 12:59:27','新港二号路金元宝对面',7,'津.二店',0,6,'津.二店','\0',0,0,NULL),(11,'2016-10-19 13:34:25','学校大街时尚俊达底商',8,'津.三店',0,7,'津.三店','\0',0,0,NULL),(15,'2016-10-23 10:58:25','学校大街时尚俊达底商',8,'津.三店',0,7,'津.三店','\0',0,0,NULL),(19,'2016-10-23 11:33:39','新港二号路金元宝对面',7,'津.二店',0,6,'津.二店','\0',0,0,NULL),(21,'2016-10-23 11:42:40','二大街嘉德园底商',6,'津.一店',0,5,'津.一店','\0',0,0,NULL),(23,'2016-10-27 11:08:10','学校大街时尚俊达底商',8,'津.三店',0,7,'津.三店','\0',0,0,NULL),(25,'2016-10-27 11:37:43','新港二号路金元宝对面',7,'津.二店',0,6,'津.二店','\0',0,0,NULL),(26,'2016-10-27 12:04:38','二大街嘉德园底商',6,'津.一店',0,5,'津.一店','\0',0,0,NULL),(27,'2016-10-28 10:43:35','学校大街时尚俊达底商',8,'津.三店',0,7,'津.三店','\0',0,0,NULL),(28,'2016-10-28 11:52:24','二大街嘉德园底商',6,'津.一店',0,5,'津.一店','\0',0,0,NULL),(29,'2016-10-29 11:30:00','学校大街时尚俊达底商',8,'津.三店',0,7,'津.三店','\0',0,0,NULL),(30,'2016-10-29 11:35:55','学校大街时尚俊达底商',8,'津.三店',0,7,'津.三店','\0',0,0,NULL),(31,'2016-10-29 12:13:37','二大街嘉德园底商',6,'津.一店',0,5,'津.一店','\0',0,0,NULL),(32,'2016-10-29 12:13:58','二大街嘉德园底商',6,'津.一店',0,5,'津.一店','\0',0,0,NULL),(33,'2016-10-29 12:14:11','二大街嘉德园底商',6,'津.一店',0,5,'津.一店','\0',0,0,NULL),(34,'2016-10-29 12:14:30','二大街嘉德园底商',6,'津.一店',0,5,'津.一店','\0',0,0,NULL),(35,'2016-10-29 12:15:27','二大街嘉德园底商',6,'津.一店',0,5,'津.一店','\0',0,0,NULL),(36,'2016-10-29 13:50:33','新港二号路金元宝对面',7,'津.二店',0,6,'津.二店','\0',0,0,NULL),(37,'2016-10-30 11:01:13','学校大街时尚俊达底商',8,'津.三店',0,7,'津.三店','\0',0,0,NULL),(38,'2016-10-30 11:05:32','学校大街时尚俊达底商',8,'津.三店',0,7,'津.三店','\0',0,0,NULL),(39,'2016-10-30 11:38:47','新港二号路金元宝对面',7,'津.二店',0,6,'津.二店','\0',0,0,NULL),(40,'2016-10-30 11:44:10','二大街嘉德园底商',6,'津.一店',0,5,'津.一店','\0',0,0,NULL),(41,'2016-10-31 10:59:28','学校大街时尚俊达底商',8,'津.三店',0,7,'津.三店','\0',0,0,NULL),(42,'2016-10-31 11:00:19','学校大街时尚俊达底商',8,'津.三店',0,7,'津.三店','\0',0,0,NULL),(43,'2016-10-31 11:00:49','学校大街时尚俊达底商',8,'津.三店',0,7,'津.三店','\0',0,0,NULL),(44,'2016-10-31 11:58:36','新港二号路金元宝对面',7,'津.二店',0,6,'津.二店','\0',0,0,NULL),(45,'2016-10-31 12:15:37','二大街嘉德园底商',6,'津.一店',0,5,'津.一店','\0',0,0,NULL),(46,'2016-10-31 12:15:54','二大街嘉德园底商',6,'津.一店',0,5,'津.一店','\0',0,0,NULL),(47,'2016-11-01 10:56:39','学校大街时尚俊达底商',8,'津.三店',0,7,'津.三店','\0',0,0,NULL),(48,'2016-11-01 12:14:37','二大街嘉德园底商',6,'津.一店',0,5,'津.一店','\0',0,0,NULL),(49,'2016-11-01 12:15:00','二大街嘉德园底商',6,'津.一店',0,5,'津.一店','\0',0,0,NULL),(50,'2016-11-01 12:15:47','二大街嘉德园底商',6,'津.一店',0,5,'津.一店','\0',0,0,NULL),(51,'2016-11-01 12:36:15','新港二号路金元宝对面',7,'津.二店',0,6,'津.二店','\0',0,0,NULL),(52,'2016-11-02 10:58:35','学校大街时尚俊达底商',8,'津.三店',0,7,'津.三店','\0',0,0,NULL),(53,'2016-11-02 10:59:08','学校大街时尚俊达底商',8,'津.三店',0,7,'津.三店','\0',0,0,NULL),(54,'2016-11-02 11:25:01','二大街嘉德园底商',6,'津.一店',0,5,'津.一店','\0',0,0,NULL),(55,'2016-11-02 11:25:14','二大街嘉德园底商',6,'津.一店',0,5,'津.一店','\0',0,0,NULL),(56,'2016-11-02 11:25:30','二大街嘉德园底商',6,'津.一店',0,5,'津.一店','\0',0,0,NULL),(57,'2016-11-02 11:43:19','新港二号路金元宝对面',7,'津.二店',0,6,'津.二店','\0',0,0,NULL),(58,'2016-11-03 10:20:35','学校大街时尚俊达底商',8,'津.三店',0,7,'津.三店','\0',0,0,NULL),(59,'2016-11-03 10:20:56','学校大街时尚俊达底商',8,'津.三店',0,7,'津.三店','\0',0,0,NULL),(60,'2016-11-03 11:56:45','二大街嘉德园底商',6,'津.一店',0,5,'津.一店','\0',0,0,NULL),(61,'2016-11-03 11:57:59','二大街嘉德园底商',6,'津.一店',0,5,'津.一店','\0',0,0,NULL),(62,'2016-11-03 14:20:36','新港二号路金元宝对面',7,'津.二店',0,6,'津.二店','\0',0,0,NULL),(63,'2016-11-04 10:34:22','学校大街时尚俊达底商',8,'津.三店',0,7,'津.三店','\0',0,0,NULL),(64,'2016-11-04 10:34:47','学校大街时尚俊达底商',8,'津.三店',0,7,'津.三店','\0',0,0,NULL),(65,'2016-11-04 10:36:24','学校大街时尚俊达底商',8,'津.三店',0,7,'津.三店','\0',0,0,NULL),(66,'2016-11-04 12:11:42','新港二号路金元宝对面',7,'津.二店',0,6,'津.二店','\0',0,0,NULL),(67,'2016-11-05 10:37:36','学校大街时尚俊达底商',8,'津.三店',0,7,'津.三店','\0',0,0,NULL),(68,'2016-11-05 10:37:51','学校大街时尚俊达底商',8,'津.三店',0,7,'津.三店','\0',0,0,NULL),(69,'2016-11-05 12:02:30','二大街嘉德园底商',6,'津.一店',0,5,'津.一店','\0',0,0,NULL),(70,'2016-11-05 12:02:41','二大街嘉德园底商',6,'津.一店',0,5,'津.一店','\0',0,0,NULL),(71,'2016-11-05 12:28:27','新港二号路金元宝对面',7,'津.二店',0,6,'津.二店','\0',0,0,NULL),(72,'2016-11-20 02:52:17','二大街嘉德园底商',6,'津.一店',0,5,'津.一店','\0',0,0,'2016-11-20'),(73,'2016-11-20 02:52:17','二大街嘉德园底商',6,'津.一店',1,5,NULL,'\0',72,1,'2016-11-20'),(74,'2016-11-20 02:52:17','二大街嘉德园底商',6,'津.一店',0,5,NULL,'\0',72,1,'2016-11-20'),(75,'2016-11-20 03:16:17','学校大街时尚俊达底商',8,'津.三店',0,7,'津.三店','\0',0,0,'2016-11-20');
/*!40000 ALTER TABLE `wf_inventory_request_record` ENABLE KEYS */;
UNLOCK TABLES;

--
-- Table structure for table `wf_operation_cost`
--

DROP TABLE IF EXISTS `wf_operation_cost`;
/*!40101 SET @saved_cs_client     = @@character_set_client */;
/*!40101 SET character_set_client = utf8 */;
CREATE TABLE `wf_operation_cost` (
  `id` bigint(20) NOT NULL AUTO_INCREMENT,
  `WF_BC` decimal(10,3) DEFAULT NULL,
  `WF_DATE` date DEFAULT NULL,
  `WF_DESC` varchar(400) DEFAULT NULL,
  `WF_DF` decimal(10,3) DEFAULT NULL,
  `WF_FF` decimal(10,3) DEFAULT NULL,
  `WF_GZ` decimal(10,3) DEFAULT NULL,
  `WF_HSF` decimal(10,3) DEFAULT NULL,
  `WF_QT` decimal(10,3) DEFAULT NULL,
  `WF_RQF` decimal(10,3) DEFAULT NULL,
  `WF_RYTL` decimal(10,3) DEFAULT NULL,
  `WF_RZ` decimal(10,3) DEFAULT NULL,
  `WF_SB` decimal(10,3) DEFAULT NULL,
  `WF_SF` decimal(10,3) DEFAULT NULL,
  `WF_YL` decimal(10,3) DEFAULT NULL,
  `WF_SHOP_ID` bigint(20) NOT NULL,
  PRIMARY KEY (`id`),
  KEY `FK_oc5wo47s37t3hanap6l18ftka` (`WF_SHOP_ID`),
  CONSTRAINT `FK_oc5wo47s37t3hanap6l18ftka` FOREIGN KEY (`WF_SHOP_ID`) REFERENCES `wf_shop` (`id`)
) ENGINE=InnoDB AUTO_INCREMENT=104 DEFAULT CHARSET=utf8;
/*!40101 SET character_set_client = @saved_cs_client */;

--
-- Dumping data for table `wf_operation_cost`
--

LOCK TABLES `wf_operation_cost` WRITE;
/*!40000 ALTER TABLE `wf_operation_cost` DISABLE KEYS */;
INSERT INTO `wf_operation_cost` VALUES (2,29.000,'2016-10-19',NULL,0.000,0.000,0.000,21.500,0.000,0.000,0.000,0.000,10.000,0.000,0.000,6),(3,29.000,'2016-10-19',NULL,0.000,0.000,0.000,21.500,0.000,0.000,0.000,0.000,10.000,0.000,0.000,7),(4,0.000,'2016-10-23',NULL,0.000,0.000,0.000,0.000,0.000,0.000,0.000,0.000,0.000,0.000,0.000,8),(5,0.000,'2016-10-26',NULL,0.000,0.000,0.000,21.000,0.000,0.000,0.000,0.000,10.000,0.000,0.000,6),(6,0.000,'2016-10-26',NULL,0.000,0.000,0.000,0.000,0.000,0.000,0.000,0.000,0.000,0.000,0.000,8),(7,46.500,'2016-10-27',NULL,0.000,0.000,0.000,0.000,0.000,0.000,0.000,0.000,13.000,0.000,0.000,8),(8,0.000,'2016-10-27',NULL,0.000,0.000,0.000,0.000,0.000,0.000,0.000,0.000,0.000,0.000,0.000,7),(9,5.000,'2016-10-27',NULL,0.000,0.000,0.000,21.000,0.000,0.000,0.000,0.000,0.000,0.000,0.000,6),(10,0.000,'2016-10-28',NULL,0.000,0.000,0.000,0.000,0.000,0.000,0.000,0.000,0.000,0.000,0.000,8),(11,0.000,'2016-10-28',NULL,0.000,0.000,0.000,21.000,0.000,0.000,0.000,0.000,7.000,0.000,176.000,6),(12,0.000,'2016-10-29',NULL,0.000,0.000,0.000,0.000,0.000,0.000,0.000,0.000,0.000,0.000,0.000,8),(13,0.000,'2016-10-29',NULL,0.000,0.000,0.000,12.000,0.000,0.000,0.000,0.000,0.000,0.000,0.000,7),(14,0.000,'2016-10-30',NULL,0.000,0.000,0.000,0.000,0.000,0.000,0.000,0.000,0.000,0.000,0.000,8),(15,0.000,'2016-10-30',NULL,0.000,0.000,0.000,21.000,0.000,0.000,0.000,0.000,0.000,0.000,1058.000,6),(16,0.000,'2016-10-30',NULL,0.000,0.000,0.000,0.000,0.000,0.000,0.000,0.000,0.000,0.000,0.000,7),(17,0.000,'2016-10-31',NULL,0.000,0.000,0.000,0.000,0.000,0.000,0.000,0.000,0.000,0.000,0.000,8),(18,0.000,'2016-10-31',NULL,0.000,0.000,0.000,21.000,0.000,0.000,0.000,0.000,15.000,0.000,0.000,6),(19,0.000,'2016-10-31',NULL,0.000,0.000,0.000,0.000,0.000,0.000,0.000,0.000,0.000,0.000,0.000,7),(20,0.000,'2016-11-01',NULL,0.000,0.000,0.000,0.000,0.000,0.000,0.000,0.000,0.000,0.000,0.000,8),(21,0.000,'2016-11-01',NULL,0.000,0.000,0.000,21.000,0.000,0.000,0.000,0.000,0.000,0.000,0.000,6),(22,0.000,'2016-11-01',NULL,0.000,0.000,0.000,0.000,0.000,0.000,0.000,0.000,0.000,0.000,0.000,7),(23,0.000,'2016-11-02',NULL,0.000,0.000,0.000,20.500,0.000,0.000,0.000,0.000,20.000,0.000,0.000,6),(24,0.000,'2016-11-03',NULL,0.000,0.000,0.000,20.000,0.000,0.000,0.000,0.000,0.000,0.000,0.000,6),(25,0.000,'2016-11-03',NULL,0.000,0.000,0.000,0.000,0.000,0.000,0.000,0.000,0.000,0.000,0.000,8),(26,0.000,'2016-11-03',NULL,0.000,0.000,0.000,0.000,0.000,0.000,0.000,0.000,0.000,0.000,0.000,7),(27,0.000,'2016-11-04',NULL,0.000,0.000,0.000,0.000,0.000,0.000,0.000,0.000,0.000,0.000,0.000,6),(28,0.000,'2016-11-04',NULL,0.000,0.000,0.000,0.000,0.000,0.000,0.000,0.000,0.000,0.000,0.000,8),(29,0.000,'2016-11-04',NULL,0.000,0.000,0.000,0.000,0.000,0.000,0.000,0.000,0.000,0.000,0.000,7),(30,0.000,'2016-11-05',NULL,0.000,0.000,0.000,18.000,0.000,0.000,0.000,0.000,0.000,0.000,345.000,6),(31,0.000,'2016-11-06',NULL,0.000,0.000,0.000,21.000,0.000,0.000,0.000,0.000,0.000,0.000,0.000,6),(32,0.000,'2016-11-06',NULL,0.000,0.000,0.000,0.000,0.000,0.000,0.000,0.000,0.000,0.000,0.000,8),(33,0.000,'2016-11-06',NULL,0.000,0.000,0.000,0.000,0.000,0.000,0.000,0.000,0.000,0.000,0.000,7),(34,8.000,'2016-11-07',NULL,0.000,0.000,0.000,25.000,14.000,0.000,0.000,115.000,3.000,0.000,220.000,6),(35,0.000,'2016-11-07',NULL,0.000,0.000,0.000,0.000,0.000,0.000,0.000,0.000,0.000,0.000,0.000,8),(36,0.000,'2016-11-08',NULL,0.000,0.000,0.000,22.000,0.000,0.000,0.000,0.000,0.000,0.000,0.000,6),(37,0.000,'2016-11-09',NULL,0.000,0.000,0.000,19.500,0.000,0.000,0.000,0.000,10.000,0.000,0.000,6),(38,0.000,'2016-11-09',NULL,0.000,0.000,0.000,0.000,0.000,0.000,0.000,0.000,0.000,0.000,0.000,8),(39,0.000,'2016-11-09',NULL,0.000,0.000,0.000,0.000,0.000,0.000,0.000,0.000,0.000,0.000,0.000,7),(40,0.000,'2016-11-10',NULL,0.000,0.000,0.000,25.000,0.000,0.000,0.000,0.000,5.000,0.000,0.000,6),(41,0.000,'2016-11-10',NULL,0.000,0.000,0.000,0.000,0.000,0.000,0.000,0.000,0.000,0.000,0.000,7),(42,0.000,'2016-11-11',NULL,0.000,0.000,0.000,22.000,0.000,0.000,0.000,0.000,0.000,0.000,0.000,6),(43,0.000,'2016-11-11',NULL,0.000,0.000,0.000,0.000,0.000,0.000,0.000,0.000,0.000,0.000,0.000,7),(44,0.000,'2016-11-11',NULL,0.000,0.000,0.000,0.000,0.000,0.000,0.000,0.000,0.000,0.000,0.000,8),(45,17.000,'2016-11-12',NULL,0.000,0.000,0.000,17.500,0.000,0.000,0.000,260.000,0.000,0.000,0.000,6),(46,0.000,'2016-11-12',NULL,0.000,0.000,0.000,0.000,0.000,0.000,0.000,0.000,0.000,0.000,0.000,8),(47,0.000,'2016-11-12',NULL,0.000,0.000,0.000,0.000,0.000,0.000,0.000,0.000,0.000,0.000,0.000,7),(48,40.000,'2016-11-13',NULL,0.000,0.000,0.000,23.000,0.000,0.000,0.000,75.000,25.000,0.000,0.000,6),(49,0.000,'2016-11-13',NULL,0.000,0.000,0.000,0.000,0.000,0.000,0.000,0.000,0.000,0.000,0.000,8),(50,0.000,'2016-11-13',NULL,0.000,0.000,0.000,0.000,0.000,0.000,0.000,0.000,0.000,0.000,0.000,7),(51,0.000,'2016-11-14',NULL,0.000,0.000,0.000,0.000,0.000,0.000,0.000,0.000,0.000,0.000,0.000,8),(52,0.000,'2016-11-14',NULL,0.000,0.000,0.000,7.000,0.000,0.000,0.000,0.000,7.000,0.000,0.000,6),(53,0.000,'2016-11-15',NULL,0.000,0.000,0.000,0.000,0.000,0.000,0.000,0.000,0.000,0.000,0.000,6),(54,0.000,'2016-11-15',NULL,0.000,0.000,0.000,0.000,0.000,0.000,0.000,0.000,0.000,0.000,0.000,8),(55,0.000,'2016-11-15',NULL,0.000,0.000,0.000,0.000,0.000,0.000,0.000,0.000,0.000,0.000,0.000,7),(56,0.000,'2016-11-16',NULL,0.000,0.000,0.000,0.000,0.000,0.000,0.000,0.000,0.000,0.000,0.000,8),(57,0.000,'2016-11-16',NULL,0.000,0.000,0.000,20.000,0.000,0.000,0.000,0.000,0.000,0.000,0.000,6),(58,0.000,'2016-11-16',NULL,0.000,0.000,0.000,0.000,0.000,0.000,0.000,0.000,0.000,0.000,0.000,7),(59,0.000,'2016-11-17',NULL,0.000,0.000,0.000,20.000,0.000,0.000,0.000,0.000,0.000,0.000,0.000,6),(60,0.000,'2016-11-17',NULL,0.000,0.000,0.000,0.000,0.000,0.000,0.000,0.000,0.000,0.000,0.000,7),(61,0.000,'2016-11-18',NULL,0.000,0.000,0.000,0.000,0.000,0.000,0.000,0.000,0.000,0.000,0.000,7),(62,56.000,'2016-11-18',NULL,0.000,0.000,0.000,20.000,0.000,0.000,0.000,0.000,0.000,0.000,0.000,6),(63,0.000,'2016-11-18',NULL,0.000,0.000,0.000,0.000,0.000,0.000,0.000,0.000,0.000,0.000,0.000,8),(64,0.000,'2016-11-19',NULL,0.000,0.000,0.000,26.000,0.000,0.000,0.000,0.000,0.000,0.000,0.000,6),(65,0.000,'2016-11-19',NULL,0.000,0.000,0.000,0.000,0.000,0.000,0.000,0.000,0.000,0.000,0.000,8),(66,0.000,'2016-11-19',NULL,0.000,0.000,0.000,0.000,0.000,0.000,0.000,0.000,0.000,0.000,0.000,7),(67,0.000,'2016-11-20',NULL,0.000,0.000,0.000,0.000,0.000,0.000,0.000,0.000,0.000,0.000,0.000,6),(68,0.000,'2016-11-20',NULL,0.000,0.000,0.000,0.000,0.000,0.000,187.000,0.000,7.000,0.000,0.000,8),(69,0.000,'2016-11-20',NULL,0.000,0.000,0.000,0.000,0.000,0.000,0.000,0.000,0.000,0.000,0.000,7),(70,11.000,'2016-11-21',NULL,0.000,0.000,0.000,14.000,0.000,0.000,0.000,0.000,0.000,0.000,220.000,6),(71,0.000,'2016-11-21',NULL,0.000,0.000,0.000,0.000,0.000,0.000,0.000,0.000,0.000,0.000,0.000,8),(72,0.000,'2016-11-21',NULL,0.000,0.000,0.000,0.000,0.000,0.000,0.000,0.000,0.000,0.000,0.000,7),(73,0.000,'2016-11-22',NULL,0.000,0.000,0.000,20.000,0.000,0.000,0.000,0.000,5.000,0.000,0.000,6),(74,0.000,'2016-11-22',NULL,0.000,0.000,0.000,0.000,0.000,0.000,0.000,0.000,0.000,0.000,0.000,7),(75,0.000,'2016-11-23',NULL,0.000,0.000,0.000,16.000,0.000,0.000,0.000,0.000,0.000,0.000,0.000,6),(76,0.000,'2016-11-23',NULL,0.000,0.000,0.000,0.000,0.000,0.000,0.000,0.000,0.000,0.000,0.000,7),(77,0.000,'2016-11-24',NULL,0.000,0.000,0.000,12.000,0.000,0.000,0.000,0.000,0.000,0.000,0.000,6),(78,0.000,'2016-11-24',NULL,0.000,0.000,0.000,0.000,0.000,0.000,0.000,0.000,0.000,0.000,0.000,8),(79,0.000,'2016-11-24',NULL,0.000,0.000,0.000,0.000,0.000,0.000,0.000,0.000,0.000,0.000,0.000,7),(80,0.000,'2016-11-25',NULL,0.000,0.000,0.000,0.000,0.000,0.000,0.000,0.000,0.000,0.000,0.000,7),(81,0.000,'2016-11-25',NULL,0.000,0.000,0.000,16.000,0.000,0.000,0.000,0.000,0.000,0.000,0.000,6),(82,0.000,'2016-11-25',NULL,0.000,0.000,0.000,0.000,0.000,0.000,0.000,0.000,0.000,0.000,0.000,8),(83,0.000,'2016-11-26',NULL,0.000,0.000,0.000,18.500,0.000,0.000,0.000,0.000,0.000,0.000,0.000,6),(84,0.000,'2016-11-26',NULL,0.000,0.000,0.000,0.000,0.000,0.000,0.000,0.000,0.000,0.000,0.000,7),(85,0.000,'2016-11-27',NULL,0.000,0.000,0.000,0.000,0.000,0.000,0.000,0.000,0.000,0.000,0.000,7),(86,0.000,'2016-11-27',NULL,0.000,0.000,0.000,15.000,0.000,0.000,0.000,0.000,0.000,0.000,690.000,6),(87,0.000,'2016-11-27',NULL,0.000,0.000,0.000,0.000,0.000,0.000,0.000,0.000,0.000,0.000,0.000,8),(88,0.000,'2016-11-28',NULL,0.000,0.000,0.000,0.000,0.000,0.000,0.000,0.000,0.000,0.000,0.000,7),(89,49.000,'2016-11-28',NULL,0.000,0.000,0.000,18.000,0.000,0.000,0.000,0.000,0.000,0.000,0.000,6),(90,0.000,'2016-11-28',NULL,0.000,0.000,0.000,0.000,0.000,0.000,0.000,0.000,0.000,0.000,0.000,8),(91,0.000,'2016-11-29',NULL,0.000,0.000,0.000,21.000,0.000,0.000,0.000,0.000,0.000,0.000,0.000,6),(92,0.000,'2016-11-29',NULL,0.000,0.000,0.000,0.000,0.000,0.000,0.000,0.000,0.000,0.000,0.000,8),(93,0.000,'2016-11-29',NULL,0.000,0.000,0.000,0.000,0.000,0.000,0.000,0.000,0.000,0.000,0.000,7),(94,11.000,'2016-11-30',NULL,0.000,0.000,0.000,18.000,0.000,0.000,0.000,35.000,954.000,0.000,0.000,6),(95,0.000,'2016-11-30',NULL,0.000,0.000,0.000,0.000,0.000,0.000,0.000,0.000,0.000,0.000,0.000,7),(96,0.000,'2016-12-01',NULL,0.000,0.000,0.000,11.500,0.000,0.000,0.000,0.000,0.000,0.000,0.000,6),(97,0.000,'2016-12-01',NULL,0.000,0.000,0.000,0.000,0.000,0.000,0.000,0.000,0.000,0.000,0.000,7),(98,0.000,'2016-12-01',NULL,0.000,0.000,0.000,0.000,0.000,0.000,0.000,0.000,0.000,0.000,0.000,8),(99,18.000,'2016-12-02',NULL,0.000,0.000,0.000,18.500,0.000,0.000,0.000,0.000,0.000,0.000,0.000,6),(100,0.000,'2016-12-03',NULL,0.000,0.000,0.000,16.000,0.000,0.000,0.000,20.000,0.000,0.000,0.000,6),(101,0.000,'2016-12-03',NULL,0.000,0.000,0.000,0.000,0.000,0.000,0.000,0.000,0.000,0.000,0.000,7),(102,0.000,'2016-12-03',NULL,0.000,0.000,0.000,0.000,0.000,0.000,0.000,0.000,0.000,0.000,0.000,8),(103,0.000,'2016-12-04',NULL,0.000,0.000,0.000,0.000,0.000,0.000,0.000,0.000,0.000,0.000,0.000,8);
/*!40000 ALTER TABLE `wf_operation_cost` ENABLE KEYS */;
UNLOCK TABLES;

--
-- Table structure for table `wf_price_record`
--

DROP TABLE IF EXISTS `wf_price_record`;
/*!40101 SET @saved_cs_client     = @@character_set_client */;
/*!40101 SET character_set_client = utf8 */;
CREATE TABLE `wf_price_record` (
  `id` bigint(20) NOT NULL AUTO_INCREMENT,
  `WF_OPT_TIMESTAMP` timestamp NOT NULL DEFAULT CURRENT_TIMESTAMP ON UPDATE CURRENT_TIMESTAMP,
  `WF_USER_ID` bigint(20) NOT NULL,
  PRIMARY KEY (`id`),
  KEY `FK_s5y9x21orrogldpfkf993et94` (`WF_USER_ID`),
  CONSTRAINT `FK_s5y9x21orrogldpfkf993et94` FOREIGN KEY (`WF_USER_ID`) REFERENCES `wf_user` (`id`)
) ENGINE=InnoDB DEFAULT CHARSET=utf8;
/*!40101 SET character_set_client = @saved_cs_client */;

--
-- Dumping data for table `wf_price_record`
--

LOCK TABLES `wf_price_record` WRITE;
/*!40000 ALTER TABLE `wf_price_record` DISABLE KEYS */;
/*!40000 ALTER TABLE `wf_price_record` ENABLE KEYS */;
UNLOCK TABLES;

--
-- Table structure for table `wf_shop`
--

DROP TABLE IF EXISTS `wf_shop`;
/*!40101 SET @saved_cs_client     = @@character_set_client */;
/*!40101 SET character_set_client = utf8 */;
CREATE TABLE `wf_shop` (
  `id` bigint(20) NOT NULL AUTO_INCREMENT,
  `WF_BR_ADDR` varchar(1000) DEFAULT NULL,
  `WF_BR_NAME` varchar(500) DEFAULT NULL,
  PRIMARY KEY (`id`)
) ENGINE=InnoDB AUTO_INCREMENT=9 DEFAULT CHARSET=utf8;
/*!40101 SET character_set_client = @saved_cs_client */;

--
-- Dumping data for table `wf_shop`
--

LOCK TABLES `wf_shop` WRITE;
/*!40000 ALTER TABLE `wf_shop` DISABLE KEYS */;
INSERT INTO `wf_shop` VALUES (6,'二大街嘉德园底商','嘉德园店'),(7,'新港二号路金元宝对面','新港店'),(8,'学校大街时尚俊达底商','金街店');
/*!40000 ALTER TABLE `wf_shop` ENABLE KEYS */;
UNLOCK TABLES;

--
-- Table structure for table `wf_user`
--

DROP TABLE IF EXISTS `wf_user`;
/*!40101 SET @saved_cs_client     = @@character_set_client */;
/*!40101 SET character_set_client = utf8 */;
CREATE TABLE `wf_user` (
  `id` bigint(20) NOT NULL AUTO_INCREMENT,
  `accountType` int(11) DEFAULT NULL,
  `WF_NAME` varchar(100) DEFAULT NULL,
  `WF_USER_PWD` varchar(100) DEFAULT NULL,
  `role` int(11) DEFAULT NULL,
  `WF_SHOP_ADDRESS` varchar(400) DEFAULT NULL,
  `WF_SHOP_ID` bigint(20) DEFAULT NULL,
  `WF_SHOP_NAME` varchar(100) DEFAULT NULL,
  `WF_USER_NAME` varchar(100) DEFAULT NULL,
  PRIMARY KEY (`id`)
) ENGINE=InnoDB AUTO_INCREMENT=11 DEFAULT CHARSET=utf8;
/*!40101 SET character_set_client = @saved_cs_client */;

--
-- Dumping data for table `wf_user`
--

LOCK TABLES `wf_user` WRITE;
/*!40000 ALTER TABLE `wf_user` DISABLE KEYS */;
INSERT INTO `wf_user` VALUES (1,2,'系统管理员','admin',0,NULL,0,NULL,'admin'),(5,2,'津.一店','9662',1,'二大街嘉德园底商',6,'嘉德园店','18602259662'),(6,2,'津.二店','0991',1,'新港二号路金元宝对面',7,'新港店','18630810991'),(7,2,'津.三店','5989',1,'学校大街时尚俊达底商',8,'金街店','18622365989'),(8,2,'XYF','123456',4,NULL,0,NULL,'XYF'),(9,2,'XYF-2','123456',2,NULL,0,NULL,'XYF-2'),(10,2,'蔬菜配货','123456',5,NULL,0,NULL,'caishang');
/*!40000 ALTER TABLE `wf_user` ENABLE KEYS */;
UNLOCK TABLES;

--
-- Table structure for table `wf_vendor`
--

DROP TABLE IF EXISTS `wf_vendor`;
/*!40101 SET @saved_cs_client     = @@character_set_client */;
/*!40101 SET character_set_client = utf8 */;
CREATE TABLE `wf_vendor` (
  `id` bigint(20) NOT NULL AUTO_INCREMENT,
  `WF_BR_NAME` varchar(500) DEFAULT NULL,
  PRIMARY KEY (`id`)
) ENGINE=InnoDB AUTO_INCREMENT=3 DEFAULT CHARSET=utf8;
/*!40101 SET character_set_client = @saved_cs_client */;

--
-- Dumping data for table `wf_vendor`
--

LOCK TABLES `wf_vendor` WRITE;
/*!40000 ALTER TABLE `wf_vendor` DISABLE KEYS */;
INSERT INTO `wf_vendor` VALUES (1,'自产'),(2,'海宝');
/*!40000 ALTER TABLE `wf_vendor` ENABLE KEYS */;
UNLOCK TABLES;
/*!40103 SET TIME_ZONE=@OLD_TIME_ZONE */;

/*!40101 SET SQL_MODE=@OLD_SQL_MODE */;
/*!40014 SET FOREIGN_KEY_CHECKS=@OLD_FOREIGN_KEY_CHECKS */;
/*!40014 SET UNIQUE_CHECKS=@OLD_UNIQUE_CHECKS */;
/*!40101 SET CHARACTER_SET_CLIENT=@OLD_CHARACTER_SET_CLIENT */;
/*!40101 SET CHARACTER_SET_RESULTS=@OLD_CHARACTER_SET_RESULTS */;
/*!40101 SET COLLATION_CONNECTION=@OLD_COLLATION_CONNECTION */;
/*!40111 SET SQL_NOTES=@OLD_SQL_NOTES */;

-- Dump completed on 2016-12-04 21:17:40
